TABELA D_Internamento_1,,,,,,,,,,,,,,,,,,,,,,,,,,,,,,,,,,,,,,,,,,,,,,,,,,,,,,,,,,,,,,,,,,,,,,,,,,,,,,,,,,,,,,,,,,,,,,,,,,,,,,,,,,,,,,,,,,,,,,,,,,,,,,,,,,,,,,,,,,,,,,,,,,,,,,,,,,,,,,,,,,,,,,,,,,,,,,,,,,,,,,,,,,,,,,,,,,,,,,,,,,,,,,,,,,,,,,,,,,,,,,,,,
,,,,,,,,,,,,,,,,,,,,,,,,,,,,,,,,,,,,,,,,,,,,,,,,,,,,,,,,,,,,,,,,,,,,,,,,,,,,,,,,,,,,,,,,,,,,,,,,,,,,,,,,,,,,,,,,,,,,,,,,,,,,,,,,,,,,,,,,,,,,,,,,,,,,,,,,,,,,,,,,,,,,,,,,,,,,,,,,,,,,,,,,,,,,,,,,,,,,,,,,,,,,,,,,,,,,,,,,,,,,,,,,,
Ano,NORDEM,D010001,D010002,D010003,D010004,D010005,D010006,D010007,D010008,D020001,D020002,D020003,D020004,D020005,D020006,D020007,D020008,D021001,D021002,D021003,D021004,D021005,D021006,D021007,D021008,D021011,D021012,D021013,D021014,D021015,D021016,D021017,D021018,D021021,D021022,D021023,D021024,D021025,D021026,D021027,D021028,D021031,D021032,D021033,D021034,D021035,D021036,D021037,D021038,D021041,D021042,D021043,D021044,D021045,D021046,D021047,D021048,D021051,D021052,D021053,D021054,D021055,D021056,D021057,D021058,D021061,D021062,D021063,D021064,D021065,D021066,D021067,D021068,D021071,D021072,D021073,D021074,D021075,D021076,D021077,D021078,D021081,D021082,D021083,D021084,D021085,D021086,D021087,D021088,D021091,D021092,D021093,D021094,D021095,D021096,D021097,D021098,D021101,D021102,D021103,D021104,D021105,D021106,D021107,D021108,D021111,D021112,D021113,D021114,D021115,D021116,D021117,D021118,D021121,D021122,D021123,D021124,D021125,D021126,D021127,D021128,D021131,D021132,D021133,D021134,D021135,D021136,D021137,D021138,D021141,D021142,D021143,D021144,D021145,D021146,D021147,D021148,D022001,D022002,D022003,D022004,D022005,D022006,D022007,D022008,D022011,D022012,D022013,D022014,D022015,D022016,D022017,D022018,D022021,D022022,D022023,D022024,D022025,D022026,D022027,D022028,D022031,D022032,D022033,D022034,D022035,D022036,D022037,D022038,D022041,D022042,D022043,D022044,D022045,D022046,D022047,D022048,D022051,D022052,D022053,D022054,D022055,D022056,D022057,D022058,D022061,D022062,D022063,D022064,D022065,D022066,D022067,D022068,D022071,D022072,D022073,D022074,D022075,D022076,D022077,D022078,D022081,D022082,D022083,D022084,D022085,D022086,D022087,D022088,D022091,D022092,D022093,D022094,D022095,D022096,D022097,D022098,D022101,D022102,D022103,D022104,D022105,D022106,D022107,D022108
2012,130,5149,4471,533,18,2079,2079,127,72894,4914,4311,492,17,1793,1847,94,36765,2375,2320,31,0,307,145,24,13099,0,0,0,0,0,0,0,0,0,0,0,0,0,0,0,0,1456,1416,24,0,250,124,16,8399,0,0,0,0,0,0,0,0,0,0,0,0,0,0,0,0,0,0,0,0,0,0,0,0,0,0,0,0,0,0,0,0,0,0,0,0,0,0,0,0,0,0,0,0,0,0,0,0,0,0,0,0,0,0,0,0,919,904,7,0,57,21,8,4700,0,0,0,0,0,0,0,0,0,0,0,0,0,0,0,0,0,0,0,0,0,0,0,0,2539,1991,461,17,1486,1702,70,23666,0,0,0,0,0,0,0,0,0,0,0,0,0,0,0,0,0,0,0,0,0,0,0,0,0,0,0,0,0,0,0,0,0,0,0,0,0,0,0,0,0,0,0,0,0,0,0,0,0,0,0,0,0,0,0,0,0,0,0,0,0,0,0,0,2368,1932,359,15,1412,1700,62,21104,0,0,0,0,0,0,0,0
2012,75,1086,963,85,0,0,0,38,14864,877,782,76,0,0,0,19,8209,474,473,1,0,0,0,0,1755,0,0,0,0,0,0,0,0,0,0,0,0,0,0,0,0,474,473,1,0,0,0,0,1755,0,0,0,0,0,0,0,0,0,0,0,0,0,0,0,0,0,0,0,0,0,0,0,0,0,0,0,0,0,0,0,0,0,0,0,0,0,0,0,0,0,0,0,0,0,0,0,0,0,0,0,0,0,0,0,0,0,0,0,0,0,0,0,0,0,0,0,0,0,0,0,0,0,0,0,0,0,0,0,0,0,0,0,0,0,0,0,0,403,309,75,0,0,0,19,6454,0,0,0,0,0,0,0,0,0,0,0,0,0,0,0,0,0,0,0,0,0,0,0,0,0,0,0,0,0,0,0,0,0,0,0,0,0,0,0,0,0,0,0,0,0,0,0,0,0,0,0,0,0,0,0,0,0,0,0,0,0,0,0,0,403,309,75,0,0,0,19,6454,0,0,0,0,0,0,0,0
2012,128,231,205,10,0,0,0,16,6186,0,0,0,0,0,0,0,0,0,0,0,0,0,0,0,0,0,0,0,0,0,0,0,0,0,0,0,0,0,0,0,0,0,0,0,0,0,0,0,0,0,0,0,0,0,0,0,0,0,0,0,0,0,0,0,0,0,0,0,0,0,0,0,0,0,0,0,0,0,0,0,0,0,0,0,0,0,0,0,0,0,0,0,0,0,0,0,0,0,0,0,0,0,0,0,0,0,0,0,0,0,0,0,0,0,0,0,0,0,0,0,0,0,0,0,0,0,0,0,0,0,0,0,0,0,0,0,0,0,0,0,0,0,0,0,0,0,0,0,0,0,0,0,0,0,0,0,0,0,0,0,0,0,0,0,0,0,0,0,0,0,0,0,0,0,0,0,0,0,0,0,0,0,0,0,0,0,0,0,0,0,0,0,0,0,0,0,0,0,0,0,0,0,0,0,0,0,0,0,0,0,0,0,0,0,0,0,0,0,0,0,0,0,0,0,0
2012,111,421,284,101,0,0,0,36,14813,0,0,0,0,0,0,0,0,0,0,0,0,0,0,0,0,0,0,0,0,0,0,0,0,0,0,0,0,0,0,0,0,0,0,0,0,0,0,0,0,0,0,0,0,0,0,0,0,0,0,0,0,0,0,0,0,0,0,0,0,0,0,0,0,0,0,0,0,0,0,0,0,0,0,0,0,0,0,0,0,0,0,0,0,0,0,0,0,0,0,0,0,0,0,0,0,0,0,0,0,0,0,0,0,0,0,0,0,0,0,0,0,0,0,0,0,0,0,0,0,0,0,0,0,0,0,0,0,0,0,0,0,0,0,0,0,0,0,0,0,0,0,0,0,0,0,0,0,0,0,0,0,0,0,0,0,0,0,0,0,0,0,0,0,0,0,0,0,0,0,0,0,0,0,0,0,0,0,0,0,0,0,0,0,0,0,0,0,0,0,0,0,0,0,0,0,0,0,0,0,0,0,0,0,0,0,0,0,0,0,0,0,0,0,0,0
2012,14,3737,3257,4,272,3012,3012,204,74172,3737,3257,4,272,3012,3012,204,74172,0,0,0,0,0,0,0,0,0,0,0,0,0,0,0,0,0,0,0,0,0,0,0,0,0,0,0,0,0,0,0,0,0,0,0,0,0,0,0,0,0,0,0,0,0,0,0,0,0,0,0,0,0,0,0,0,0,0,0,0,0,0,0,0,0,0,0,0,0,0,0,0,0,0,0,0,0,0,0,0,0,0,0,0,0,0,0,0,0,0,0,0,0,0,0,0,0,0,0,0,0,0,0,0,0,0,0,0,0,0,0,0,0,0,0,0,0,0,0,0,3737,3257,4,272,3012,3012,204,74172,0,0,0,0,0,0,0,0,0,0,0,0,0,0,0,0,0,0,0,0,0,0,0,0,0,0,0,0,0,0,0,0,0,0,0,0,0,0,0,0,0,0,0,0,0,0,0,0,0,0,0,0,0,0,0,0,0,0,0,0,0,0,0,0,0,0,0,0,0,0,0,0,0,0,0,0,0,0,0,0
2012,151,32074,30130,1208,154,7405,7405,582,251899,31248,29556,1005,151,6179,5660,536,242166,18778,18359,164,73,4534,4741,182,93784,0,0,0,0,0,0,0,0,0,0,0,0,0,0,0,0,5003,4823,102,19,427,341,59,28538,113,110,0,1,1,3,2,517,382,380,0,0,57,38,2,841,428,419,1,4,16,9,4,2739,0,0,0,0,0,0,0,0,7380,7283,6,31,3886,4138,60,29512,0,0,0,0,0,0,0,0,349,348,0,0,20,36,1,1132,2124,2025,38,15,40,36,46,19247,1252,1246,2,1,45,104,3,2939,1747,1725,15,2,42,36,5,8319,0,0,0,0,0,0,0,0,12470,11197,841,78,1645,919,354,148382,1328,1288,14,3,714,243,23,10812,0,0,0,0,0,0,0,0,0,0,0,0,0,0,0,0,225,190,18,5,44,16,12,5157,0,0,0,0,0,0,0,0,720,666,32,7,30,41,15,6234,0,0,0,0,0,0,0,0,0,0,0,0,0,0,0,0,6238,5303,702,29,218,319,204,83387,0,0,0,0,0,0,0,0
2012,217,266,225,0,41,0,0,0,2714,266,225,0,41,0,0,0,2714,0,0,0,0,0,0,0,0,0,0,0,0,0,0,0,0,0,0,0,0,0,0,0,0,0,0,0,0,0,0,0,0,0,0,0,0,0,0,0,0,0,0,0,0,0,0,0,0,0,0,0,0,0,0,0,0,0,0,0,0,0,0,0,0,0,0,0,0,0,0,0,0,0,0,0,0,0,0,0,0,0,0,0,0,0,0,0,0,0,0,0,0,0,0,0,0,0,0,0,0,0,0,0,0,0,0,0,0,0,0,0,0,0,0,0,0,0,0,0,0,266,225,0,41,0,0,0,2714,0,0,0,0,0,0,0,0,0,0,0,0,0,0,0,0,0,0,0,0,0,0,0,0,0,0,0,0,0,0,0,0,0,0,0,0,0,0,0,0,0,0,0,0,0,0,0,0,0,0,0,0,0,0,0,0,0,0,0,0,0,0,0,0,0,0,0,0,0,0,0,0,0,0,0,0,0,0,0,0
2012,153,27,7,0,9,0,0,11,4031,27,7,0,9,0,0,11,4031,0,0,0,0,0,0,0,0,0,0,0,0,0,0,0,0,0,0,0,0,0,0,0,0,0,0,0,0,0,0,0,0,0,0,0,0,0,0,0,0,0,0,0,0,0,0,0,0,0,0,0,0,0,0,0,0,0,0,0,0,0,0,0,0,0,0,0,0,0,0,0,0,0,0,0,0,0,0,0,0,0,0,0,0,0,0,0,0,0,0,0,0,0,0,0,0,0,0,0,0,0,0,0,0,0,0,0,0,0,0,0,0,0,0,0,0,0,0,0,0,27,7,0,9,0,0,11,4031,0,0,0,0,0,0,0,0,0,0,0,0,0,0,0,0,0,0,0,0,0,0,0,0,0,0,0,0,0,0,0,0,0,0,0,0,0,0,0,0,0,0,0,0,0,0,0,0,0,0,0,0,0,0,0,0,0,0,0,0,0,0,0,0,0,0,0,0,0,0,0,0,0,0,0,0,0,0,0,0
2012,218,503,492,0,11,0,0,0,9049,503,492,0,11,0,0,0,9049,0,0,0,0,0,0,0,0,0,0,0,0,0,0,0,0,0,0,0,0,0,0,0,0,0,0,0,0,0,0,0,0,0,0,0,0,0,0,0,0,0,0,0,0,0,0,0,0,0,0,0,0,0,0,0,0,0,0,0,0,0,0,0,0,0,0,0,0,0,0,0,0,0,0,0,0,0,0,0,0,0,0,0,0,0,0,0,0,0,0,0,0,0,0,0,0,0,0,0,0,0,0,0,0,0,0,0,0,0,0,0,0,0,0,0,0,0,0,0,0,503,492,0,11,0,0,0,9049,0,0,0,0,0,0,0,0,0,0,0,0,0,0,0,0,0,0,0,0,0,0,0,0,0,0,0,0,0,0,0,0,0,0,0,0,0,0,0,0,0,0,0,0,0,0,0,0,0,0,0,0,0,0,0,0,0,0,0,0,0,0,0,0,0,0,0,0,0,0,0,0,0,0,0,0,0,0,0,0
2012,42,507,426,0,81,0,0,0,6103,507,426,0,81,0,0,0,6103,0,0,0,0,0,0,0,0,0,0,0,0,0,0,0,0,0,0,0,0,0,0,0,0,0,0,0,0,0,0,0,0,0,0,0,0,0,0,0,0,0,0,0,0,0,0,0,0,0,0,0,0,0,0,0,0,0,0,0,0,0,0,0,0,0,0,0,0,0,0,0,0,0,0,0,0,0,0,0,0,0,0,0,0,0,0,0,0,0,0,0,0,0,0,0,0,0,0,0,0,0,0,0,0,0,0,0,0,0,0,0,0,0,0,0,0,0,0,0,0,507,426,0,81,0,0,0,6103,0,0,0,0,0,0,0,0,0,0,0,0,0,0,0,0,0,0,0,0,0,0,0,0,0,0,0,0,0,0,0,0,0,0,0,0,0,0,0,0,0,0,0,0,0,0,0,0,0,0,0,0,0,0,0,0,0,0,0,0,0,0,0,0,0,0,0,0,0,0,0,0,0,0,0,0,0,0,0,0
2012,221,55,25,0,16,0,0,14,6528,0,0,0,0,0,0,0,0,0,0,0,0,0,0,0,0,0,0,0,0,0,0,0,0,0,0,0,0,0,0,0,0,0,0,0,0,0,0,0,0,0,0,0,0,0,0,0,0,0,0,0,0,0,0,0,0,0,0,0,0,0,0,0,0,0,0,0,0,0,0,0,0,0,0,0,0,0,0,0,0,0,0,0,0,0,0,0,0,0,0,0,0,0,0,0,0,0,0,0,0,0,0,0,0,0,0,0,0,0,0,0,0,0,0,0,0,0,0,0,0,0,0,0,0,0,0,0,0,0,0,0,0,0,0,0,0,0,0,0,0,0,0,0,0,0,0,0,0,0,0,0,0,0,0,0,0,0,0,0,0,0,0,0,0,0,0,0,0,0,0,0,0,0,0,0,0,0,0,0,0,0,0,0,0,0,0,0,0,0,0,0,0,0,0,0,0,0,0,0,0,0,0,0,0,0,0,0,0,0,0,0,0,0,0,0,0
2012,86,292,247,0,45,0,0,0,3045,292,247,0,45,0,0,0,3045,0,0,0,0,0,0,0,0,0,0,0,0,0,0,0,0,0,0,0,0,0,0,0,0,0,0,0,0,0,0,0,0,0,0,0,0,0,0,0,0,0,0,0,0,0,0,0,0,0,0,0,0,0,0,0,0,0,0,0,0,0,0,0,0,0,0,0,0,0,0,0,0,0,0,0,0,0,0,0,0,0,0,0,0,0,0,0,0,0,0,0,0,0,0,0,0,0,0,0,0,0,0,0,0,0,0,0,0,0,0,0,0,0,0,0,0,0,0,0,0,292,247,0,45,0,0,0,3045,0,0,0,0,0,0,0,0,0,0,0,0,0,0,0,0,0,0,0,0,0,0,0,0,0,0,0,0,0,0,0,0,0,0,0,0,0,0,0,0,0,0,0,0,0,0,0,0,0,0,0,0,0,0,0,0,0,0,0,0,0,0,0,0,0,0,0,0,0,0,0,0,0,0,0,0,0,0,0,0
2012,12,408,349,0,59,0,0,0,3287,408,349,0,59,0,0,0,3287,0,0,0,0,0,0,0,0,0,0,0,0,0,0,0,0,0,0,0,0,0,0,0,0,0,0,0,0,0,0,0,0,0,0,0,0,0,0,0,0,0,0,0,0,0,0,0,0,0,0,0,0,0,0,0,0,0,0,0,0,0,0,0,0,0,0,0,0,0,0,0,0,0,0,0,0,0,0,0,0,0,0,0,0,0,0,0,0,0,0,0,0,0,0,0,0,0,0,0,0,0,0,0,0,0,0,0,0,0,0,0,0,0,0,0,0,0,0,0,0,408,349,0,59,0,0,0,3287,0,0,0,0,0,0,0,0,0,0,0,0,0,0,0,0,0,0,0,0,0,0,0,0,0,0,0,0,0,0,0,0,0,0,0,0,0,0,0,0,0,0,0,0,0,0,0,0,0,0,0,0,0,0,0,0,0,0,0,0,0,0,0,0,0,0,0,0,0,0,0,0,0,0,0,0,0,0,0,0
2012,71,40,5,0,18,0,0,17,5409,40,5,0,18,0,0,17,5409,0,0,0,0,0,0,0,0,0,0,0,0,0,0,0,0,0,0,0,0,0,0,0,0,0,0,0,0,0,0,0,0,0,0,0,0,0,0,0,0,0,0,0,0,0,0,0,0,0,0,0,0,0,0,0,0,0,0,0,0,0,0,0,0,0,0,0,0,0,0,0,0,0,0,0,0,0,0,0,0,0,0,0,0,0,0,0,0,0,0,0,0,0,0,0,0,0,0,0,0,0,0,0,0,0,0,0,0,0,0,0,0,0,0,0,0,0,0,0,0,40,5,0,18,0,0,17,5409,0,0,0,0,0,0,0,0,0,0,0,0,0,0,0,0,0,0,0,0,0,0,0,0,0,0,0,0,0,0,0,0,0,0,0,0,0,0,0,0,0,0,0,0,0,0,0,0,0,0,0,0,0,0,0,0,0,0,0,0,0,0,0,0,0,0,0,0,0,0,0,0,0,0,0,0,0,0,0,0
2012,36,302,249,0,43,0,0,10,7613,302,249,0,43,0,0,10,7613,0,0,0,0,0,0,0,0,0,0,0,0,0,0,0,0,0,0,0,0,0,0,0,0,0,0,0,0,0,0,0,0,0,0,0,0,0,0,0,0,0,0,0,0,0,0,0,0,0,0,0,0,0,0,0,0,0,0,0,0,0,0,0,0,0,0,0,0,0,0,0,0,0,0,0,0,0,0,0,0,0,0,0,0,0,0,0,0,0,0,0,0,0,0,0,0,0,0,0,0,0,0,0,0,0,0,0,0,0,0,0,0,0,0,0,0,0,0,0,0,302,249,0,43,0,0,10,7613,0,0,0,0,0,0,0,0,0,0,0,0,0,0,0,0,0,0,0,0,0,0,0,0,0,0,0,0,0,0,0,0,0,0,0,0,0,0,0,0,0,0,0,0,0,0,0,0,0,0,0,0,0,0,0,0,0,0,0,0,0,0,0,0,0,0,0,0,0,0,0,0,0,0,0,0,0,0,0,0
2012,6,526,422,1,0,0,0,103,41677,320,245,1,0,0,0,74,31568,0,0,0,0,0,0,0,0,0,0,0,0,0,0,0,0,0,0,0,0,0,0,0,0,0,0,0,0,0,0,0,0,0,0,0,0,0,0,0,0,0,0,0,0,0,0,0,0,0,0,0,0,0,0,0,0,0,0,0,0,0,0,0,0,0,0,0,0,0,0,0,0,0,0,0,0,0,0,0,0,0,0,0,0,0,0,0,0,0,0,0,0,0,0,0,0,0,0,0,0,0,0,0,0,0,0,0,0,0,0,0,0,0,0,0,0,0,0,0,0,320,245,1,0,0,0,74,31568,0,0,0,0,0,0,0,0,0,0,0,0,0,0,0,0,0,0,0,0,0,0,0,0,0,0,0,0,0,0,0,0,0,0,0,0,0,0,0,0,0,0,0,0,0,0,0,0,0,0,0,0,0,0,0,0,304,245,0,0,0,0,59,25943,16,0,1,0,0,0,15,5625,0,0,0,0,0,0,0,0
2012,165,7159,6595,410,27,320,320,127,53442,6996,6446,400,26,241,124,124,51910,4583,4451,69,19,41,17,44,24956,0,0,0,0,0,0,0,0,0,0,0,0,0,0,0,0,1760,1670,58,7,23,9,25,13391,0,0,0,0,0,0,0,0,194,193,0,0,8,2,1,474,0,0,0,0,0,0,0,0,0,0,0,0,0,0,0,0,1228,1202,4,12,1,2,10,4206,0,0,0,0,0,0,0,0,0,0,0,0,0,0,0,0,1154,1140,6,0,5,3,8,6136,247,246,1,0,4,1,0,749,0,0,0,0,0,0,0,0,0,0,0,0,0,0,0,0,2413,1995,331,7,200,107,80,26954,0,0,0,0,0,0,0,0,0,0,0,0,0,0,0,0,0,0,0,0,0,0,0,0,0,0,0,0,0,0,0,0,0,0,0,0,0,0,0,0,0,0,0,0,0,0,0,0,0,0,0,0,0,0,0,0,0,0,0,0,0,0,0,0,1880,1473,331,5,196,100,71,24489,0,0,0,0,0,0,0,0
2012,138,591,455,110,2,21,21,24,10726,591,455,110,2,21,21,24,10726,17,8,9,0,0,0,0,468,0,0,0,0,0,0,0,0,0,0,0,0,0,0,0,0,12,4,8,0,0,0,0,274,0,0,0,0,0,0,0,0,0,0,0,0,0,0,0,0,0,0,0,0,0,0,0,0,0,0,0,0,0,0,0,0,0,0,0,0,0,0,0,0,0,0,0,0,0,0,0,0,0,0,0,0,0,0,0,0,5,4,1,0,0,0,0,194,0,0,0,0,0,0,0,0,0,0,0,0,0,0,0,0,0,0,0,0,0,0,0,0,574,447,101,2,21,21,24,10258,0,0,0,0,0,0,0,0,0,0,0,0,0,0,0,0,0,0,0,0,0,0,0,0,0,0,0,0,0,0,0,0,0,0,0,0,0,0,0,0,0,0,0,0,0,0,0,0,0,0,0,0,0,0,0,0,0,0,0,0,0,0,0,0,48,28,20,0,2,1,0,1432,0,0,0,0,0,0,0,0
2012,149,5303,4783,393,16,968,968,111,37054,5303,4783,393,16,968,968,111,37054,2192,2116,39,8,137,131,29,12517,0,0,0,0,0,0,0,0,0,0,0,0,0,0,0,0,1318,1275,29,4,96,84,10,6333,0,0,0,0,0,0,0,0,0,0,0,0,0,0,0,0,0,0,0,0,0,0,0,0,0,0,0,0,0,0,0,0,93,93,0,0,0,1,0,295,0,0,0,0,0,0,0,0,0,0,0,0,0,0,0,0,648,615,10,4,41,45,19,5644,133,133,0,0,0,1,0,245,0,0,0,0,0,0,0,0,0,0,0,0,0,0,0,0,3111,2667,354,8,831,837,82,24537,0,0,0,0,0,0,0,0,0,0,0,0,0,0,0,0,0,0,0,0,0,0,0,0,0,0,0,0,0,0,0,0,0,0,0,0,0,0,0,0,0,0,0,0,0,0,0,0,0,0,0,0,0,0,0,0,0,0,0,0,0,0,0,0,2492,2063,354,7,804,812,68,21783,0,0,0,0,0,0,0,0
2012,200,16699,15794,691,0,1490,1490,214,109623,16470,15645,623,0,1157,1201,202,104774,10848,10678,96,0,596,654,74,59244,0,0,0,0,0,0,0,0,0,0,0,0,0,0,0,0,3357,3255,68,0,321,305,34,24841,0,0,0,0,0,0,0,0,0,0,0,0,0,0,0,0,0,0,0,0,0,0,0,0,0,0,0,0,0,0,0,0,3971,3951,3,0,84,209,17,12855,0,0,0,0,0,0,0,0,218,218,0,0,3,3,0,549,1526,1493,17,0,75,70,16,12046,756,751,3,0,35,24,2,2266,1020,1010,5,0,78,43,5,6687,0,0,0,0,0,0,0,0,5622,4967,527,0,561,547,128,45530,0,0,0,0,0,0,0,0,0,0,0,0,0,0,0,0,0,0,0,0,0,0,0,0,0,0,0,0,0,0,0,0,0,0,0,0,0,0,0,0,0,0,0,0,0,0,0,0,0,0,0,0,0,0,0,0,0,0,0,0,0,0,0,0,4839,4192,527,0,494,534,120,42108,0,0,0,0,0,0,0,0
2012,59,6701,6210,421,0,3163,3163,70,49693,6699,6210,421,0,1836,1837,68,47271,3537,3474,37,0,1390,1463,26,21487,0,0,0,0,0,0,0,0,0,0,0,0,0,0,0,0,1620,1581,23,0,595,623,16,10953,0,0,0,0,0,0,0,0,0,0,0,0,0,0,0,0,0,0,0,0,0,0,0,0,0,0,0,0,0,0,0,0,534,526,5,0,260,266,3,3011,0,0,0,0,0,0,0,0,0,0,0,0,0,0,0,0,0,0,0,0,0,0,0,0,0,0,0,0,0,0,0,0,351,342,3,0,117,130,6,2222,1032,1025,6,0,418,444,1,5301,3162,2736,384,0,446,374,42,25784,0,0,0,0,0,0,0,0,0,0,0,0,0,0,0,0,0,0,0,0,0,0,0,0,0,0,0,0,0,0,0,0,0,0,0,0,0,0,0,0,0,0,0,0,0,0,0,0,0,0,0,0,0,0,0,0,0,0,0,0,0,0,0,0,560,270,275,0,186,75,15,7946,102,102,0,0,7,3,0,228
2012,105,16168,14458,1258,139,1138,1138,313,125480,15871,14224,1232,109,870,623,306,121280,7346,7076,138,45,256,232,87,48203,251,240,5,1,21,18,5,3154,0,0,0,0,0,0,0,0,2439,2292,97,5,83,86,45,20728,0,0,0,0,0,0,0,0,0,0,0,0,0,0,0,0,0,0,0,0,0,0,0,0,0,0,0,0,0,0,0,0,2246,2194,6,36,107,102,10,7123,0,0,0,0,0,0,0,0,303,301,0,1,0,0,1,333,1152,1121,12,2,14,10,17,11623,163,161,1,0,6,2,1,713,792,767,17,0,25,14,8,4529,0,0,0,0,0,0,0,0,8525,7148,1094,64,614,391,219,73077,909,884,13,1,405,51,11,3932,0,0,0,0,0,0,0,0,205,199,2,0,15,9,4,2118,0,0,0,0,0,0,0,0,0,0,0,0,0,0,0,0,0,0,0,0,0,0,0,0,0,0,0,0,0,0,0,0,0,0,0,0,0,0,0,0,5901,4660,1033,38,111,309,170,54587,0,0,0,0,0,0,0,0
2012,146,24115,21931,1624,130,12794,12794,430,175915,22150,20843,857,88,11220,6173,362,154451,13746,13376,167,62,5834,5261,141,72791,512,495,7,1,50,26,9,3743,0,0,0,0,0,0,0,0,2641,2533,73,7,207,128,28,15333,149,146,3,0,10,5,0,962,121,121,0,0,71,1,0,539,159,154,1,1,17,11,3,1483,0,0,0,0,0,0,0,0,6516,6437,3,41,4667,4673,35,22228,811,766,18,1,505,308,26,9828,396,390,0,2,10,8,4,1220,1273,1208,33,7,156,53,25,9086,536,518,13,1,44,27,4,3394,632,608,16,1,97,21,7,4975,0,0,0,0,0,0,0,0,8404,7467,690,26,5386,912,221,81660,1453,1435,5,1,592,81,12,5415,0,0,0,0,0,0,0,0,108,103,3,0,73,6,2,1509,129,108,11,1,90,11,9,2959,113,108,3,1,31,10,1,971,468,414,36,3,317,33,15,4089,121,92,24,0,66,7,5,1455,0,0,0,0,0,0,0,0,2862,2401,370,7,2852,198,84,30550,0,0,0,0,0,0,0,0
2012,76,6489,5949,437,7,224,224,96,41674,6489,5949,437,7,224,224,96,41674,3467,3373,53,3,38,42,38,19941,0,0,0,0,0,0,0,0,0,0,0,0,0,0,0,0,1579,1520,42,0,29,11,17,8917,0,0,0,0,0,0,0,0,0,0,0,0,0,0,0,0,0,0,0,0,0,0,0,0,0,0,0,0,0,0,0,0,259,258,1,0,2,3,0,1063,0,0,0,0,0,0,0,0,41,41,0,0,0,0,0,135,1129,1109,4,3,3,4,13,8336,103,103,0,0,1,0,0,212,229,226,1,0,3,2,2,931,127,116,5,0,0,22,6,347,3022,2576,384,4,186,182,58,21733,229,214,11,0,15,2,4,1265,0,0,0,0,0,0,0,0,1,1,0,0,0,0,0,3,0,0,0,0,0,0,0,0,0,0,0,0,0,0,0,0,4,4,0,0,1,0,0,12,0,0,0,0,0,0,0,0,0,0,0,0,0,0,0,0,1101,826,244,0,101,37,31,12693,0,0,0,0,0,0,0,0
2012,175,4871,4343,429,0,716,716,99,40202,4871,4343,429,0,716,716,99,40202,155,152,3,0,32,29,0,708,0,0,0,0,0,0,0,0,0,0,0,0,0,0,0,0,155,152,3,0,32,29,0,708,0,0,0,0,0,0,0,0,0,0,0,0,0,0,0,0,0,0,0,0,0,0,0,0,0,0,0,0,0,0,0,0,0,0,0,0,0,0,0,0,0,0,0,0,0,0,0,0,0,0,0,0,0,0,0,0,0,0,0,0,0,0,0,0,0,0,0,0,0,0,0,0,0,0,0,0,0,0,0,0,0,0,0,0,0,0,0,0,4716,4191,426,0,684,687,99,39494,740,713,14,0,453,87,13,5534,0,0,0,0,0,0,0,0,0,0,0,0,0,0,0,0,0,0,0,0,0,0,0,0,0,0,0,0,0,0,0,0,0,0,0,0,0,0,0,0,0,0,0,0,0,0,0,0,0,0,0,0,0,0,0,0,2331,1931,332,0,81,131,68,23571,0,0,0,0,0,0,0,0
2012,120,12138,11157,827,0,2761,2761,154,64289,11894,11042,706,0,2510,2540,146,62217,5468,5309,112,0,1458,1441,47,30988,0,0,0,0,0,0,0,0,0,0,0,0,0,0,0,0,2113,2010,88,0,457,471,15,13132,0,0,0,0,0,0,0,0,0,0,0,0,0,0,0,0,0,0,0,0,0,0,0,0,0,0,0,0,0,0,0,0,1444,1439,3,0,31,29,2,4106,0,0,0,0,0,0,0,0,0,0,0,0,0,0,0,0,1865,1820,15,0,375,384,30,12675,0,0,0,0,0,0,0,0,0,0,0,0,0,0,0,0,46,40,6,0,595,557,0,1075,6426,5733,594,0,1052,1099,99,31229,0,0,0,0,0,0,0,0,0,0,0,0,0,0,0,0,0,0,0,0,0,0,0,0,0,0,0,0,0,0,0,0,0,0,0,0,0,0,0,0,0,0,0,0,0,0,0,0,0,0,0,0,0,0,0,0,0,0,0,0,0,0,0,0,5398,4709,594,0,925,972,95,27681,0,0,0,0,0,0,0,0
2012,213,3738,3480,188,0,1125,1125,70,29350,3738,3480,188,0,1125,1125,70,29350,2738,2635,54,0,1082,1090,49,17287,0,0,0,0,0,0,0,0,0,0,0,0,0,0,0,0,1468,1387,38,0,306,338,43,10587,0,0,0,0,0,0,0,0,0,0,0,0,0,0,0,0,85,85,0,0,11,10,0,672,0,0,0,0,0,0,0,0,0,0,0,0,0,0,0,0,0,0,0,0,0,0,0,0,53,53,0,0,9,9,0,124,60,60,0,0,5,5,0,481,187,187,0,0,9,9,0,384,847,834,8,0,207,202,5,3882,38,29,8,0,535,517,1,1157,1000,845,134,0,43,35,21,12063,0,0,0,0,0,0,0,0,0,0,0,0,0,0,0,0,0,0,0,0,0,0,0,0,0,0,0,0,0,0,0,0,0,0,0,0,0,0,0,0,0,0,0,0,0,0,0,0,0,0,0,0,0,0,0,0,0,0,0,0,0,0,0,0,284,233,51,0,24,31,0,2176,0,0,0,0,0,0,0,0
2012,32,12652,11638,860,0,567,567,154,77847,12602,11633,820,0,389,424,149,75666,5202,5032,113,0,188,248,57,29115,0,0,0,0,0,0,0,0,0,0,0,0,0,0,0,0,2390,2328,42,0,115,157,20,11029,0,0,0,0,0,0,0,0,0,0,0,0,0,0,0,0,300,300,0,0,0,0,0,904,0,0,0,0,0,0,0,0,616,592,20,0,19,24,4,4352,0,0,0,0,0,0,0,0,0,0,0,0,0,0,0,0,0,0,0,0,0,0,0,0,633,603,15,0,26,26,15,5497,494,475,14,0,17,13,5,2660,769,734,22,0,11,28,13,4673,7400,6601,707,0,201,176,92,46551,0,0,0,0,0,0,0,0,0,0,0,0,0,0,0,0,0,0,0,0,0,0,0,0,0,0,0,0,0,0,0,0,71,49,22,0,15,8,0,843,556,501,47,0,24,16,8,3309,1071,945,101,0,30,19,25,9391,0,0,0,0,0,0,0,0,0,0,0,0,0,0,0,0,504,504,0,0,0,0,0,1061
2012,142,11842,11112,477,81,922,922,172,82522,11170,10552,386,79,735,617,153,77113,5200,5020,87,44,180,254,49,30052,0,0,0,0,0,0,0,0,0,0,0,0,0,0,0,0,1859,1762,58,9,88,121,30,14169,0,0,0,0,0,0,0,0,0,0,0,0,0,0,0,0,34,34,0,0,1,0,0,176,66,66,0,0,0,0,0,137,1432,1399,5,24,29,24,4,4302,0,0,0,0,0,0,0,0,335,335,0,0,0,0,0,697,874,833,18,11,16,19,12,6422,0,0,0,0,0,0,0,0,600,591,6,0,46,90,3,4149,0,0,0,0,0,0,0,0,5970,5532,299,35,555,363,104,47061,1500,1476,11,3,164,50,10,7963,0,0,0,0,0,0,0,0,0,0,0,0,0,0,0,0,0,0,0,0,0,0,0,0,0,0,0,0,0,0,0,0,772,737,20,7,46,40,8,5911,0,0,0,0,0,0,0,0,0,0,0,0,0,0,0,0,2117,1817,241,6,274,232,53,19068,0,0,0,0,0,0,0,0
2012,154,1279,1054,180,14,52,52,31,13760,1279,1054,180,14,52,52,31,13760,0,0,0,0,0,0,0,0,0,0,0,0,0,0,0,0,0,0,0,0,0,0,0,0,0,0,0,0,0,0,0,0,0,0,0,0,0,0,0,0,0,0,0,0,0,0,0,0,0,0,0,0,0,0,0,0,0,0,0,0,0,0,0,0,0,0,0,0,0,0,0,0,0,0,0,0,0,0,0,0,0,0,0,0,0,0,0,0,0,0,0,0,0,0,0,0,0,0,0,0,0,0,0,0,0,0,0,0,0,0,0,0,0,0,0,0,0,0,0,0,1279,1054,180,14,52,52,31,13760,0,0,0,0,0,0,0,0,0,0,0,0,0,0,0,0,0,0,0,0,0,0,0,0,192,173,6,4,13,8,9,2711,0,0,0,0,0,0,0,0,0,0,0,0,0,0,0,0,0,0,0,0,0,0,0,0,0,0,0,0,0,0,0,0,832,758,54,5,19,39,15,7745,0,0,0,0,0,0,0,0
2012,56,11827,10561,1101,0,585,585,165,100585,11267,10394,720,0,318,577,153,94345,5831,5622,127,0,129,196,82,48200,0,0,0,0,0,0,0,0,0,0,0,0,0,0,0,0,5831,5622,127,0,129,196,82,48200,0,0,0,0,0,0,0,0,0,0,0,0,0,0,0,0,0,0,0,0,0,0,0,0,0,0,0,0,0,0,0,0,0,0,0,0,0,0,0,0,0,0,0,0,0,0,0,0,0,0,0,0,0,0,0,0,0,0,0,0,0,0,0,0,0,0,0,0,0,0,0,0,0,0,0,0,0,0,0,0,0,0,0,0,0,0,0,0,5436,4772,593,0,189,381,71,46145,0,0,0,0,0,0,0,0,0,0,0,0,0,0,0,0,0,0,0,0,0,0,0,0,0,0,0,0,0,0,0,0,0,0,0,0,0,0,0,0,0,0,0,0,0,0,0,0,0,0,0,0,0,0,0,0,0,0,0,0,0,0,0,0,0,0,0,0,0,0,0,0,0,0,0,0,0,0,0,0
2012,208,1023,801,176,5,91,91,41,13346,1023,801,176,5,91,91,41,13346,0,0,0,0,0,0,0,0,0,0,0,0,0,0,0,0,0,0,0,0,0,0,0,0,0,0,0,0,0,0,0,0,0,0,0,0,0,0,0,0,0,0,0,0,0,0,0,0,0,0,0,0,0,0,0,0,0,0,0,0,0,0,0,0,0,0,0,0,0,0,0,0,0,0,0,0,0,0,0,0,0,0,0,0,0,0,0,0,0,0,0,0,0,0,0,0,0,0,0,0,0,0,0,0,0,0,0,0,0,0,0,0,0,0,0,0,0,0,0,0,1023,801,176,5,91,91,41,13346,0,0,0,0,0,0,0,0,0,0,0,0,0,0,0,0,0,0,0,0,0,0,0,0,0,0,0,0,0,0,0,0,0,0,0,0,0,0,0,0,0,0,0,0,0,0,0,0,0,0,0,0,0,0,0,0,0,0,0,0,0,0,0,0,1023,801,176,5,91,91,41,13346,0,0,0,0,0,0,0,0
2012,164,11476,10048,864,311,2196,2196,253,92362,10182,9148,514,292,1779,1228,228,80881,6136,5760,70,208,283,272,98,38221,0,0,0,0,0,0,0,0,0,0,0,0,0,0,0,0,2243,2138,55,19,189,194,31,14766,0,0,0,0,0,0,0,0,0,0,0,0,0,0,0,0,0,0,0,0,0,0,0,0,0,0,0,0,0,0,0,0,2407,2231,3,155,34,29,18,7436,0,0,0,0,0,0,0,0,17,17,0,0,0,0,0,71,921,835,9,32,27,33,45,13191,320,319,0,0,9,5,1,1139,228,220,3,2,24,11,3,1618,0,0,0,0,0,0,0,0,4046,3388,444,84,1496,956,130,42660,75,69,5,1,41,16,0,1288,0,0,0,0,0,0,0,0,0,0,0,0,0,0,0,0,0,0,0,0,0,0,0,0,0,0,0,0,0,0,0,0,218,205,4,4,78,14,5,1866,0,0,0,0,0,0,0,0,0,0,0,0,0,0,0,0,2606,2047,430,44,1073,886,85,28272,0,0,0,0,0,0,0,0
2012,182,12651,11403,906,132,6745,6745,210,93273,12132,11038,773,130,5445,5803,191,86927,5548,5368,69,80,1241,142,31,28970,0,0,0,0,0,0,0,0,0,0,0,0,0,0,0,0,1870,1779,63,7,1113,98,21,15435,0,0,0,0,0,0,0,0,4,4,0,0,0,0,0,22,162,160,1,0,25,4,1,1289,47,46,0,1,0,1,0,86,2545,2464,2,72,18,18,7,7988,0,0,0,0,0,0,0,0,476,476,0,0,26,1,0,1829,0,0,0,0,0,0,0,0,124,124,0,0,6,1,0,392,320,315,3,0,53,19,2,1929,0,0,0,0,0,0,0,0,6584,5670,704,50,4204,5661,160,57957,847,834,7,1,425,33,5,2955,0,0,0,0,0,0,0,0,0,0,0,0,0,0,0,0,192,162,11,8,164,7,11,3589,0,0,0,0,0,0,0,0,430,395,26,2,313,13,7,3307,0,0,0,0,0,0,0,0,0,0,0,0,0,0,0,0,1688,1437,198,5,1696,103,48,17953,0,0,0,0,0,0,0,0
2012,108,1833,1790,18,2,1122,1122,23,17027,1825,1788,12,2,565,562,23,16170,1825,1788,12,2,565,562,23,16170,0,0,0,0,0,0,0,0,0,0,0,0,0,0,0,0,0,0,0,0,0,0,0,0,0,0,0,0,0,0,0,0,0,0,0,0,0,0,0,0,0,0,0,0,0,0,0,0,0,0,0,0,0,0,0,0,0,0,0,0,0,0,0,0,0,0,0,0,0,0,0,0,0,0,0,0,0,0,0,0,1825,1788,12,2,565,562,23,16170,0,0,0,0,0,0,0,0,0,0,0,0,0,0,0,0,0,0,0,0,0,0,0,0,0,0,0,0,0,0,0,0,0,0,0,0,0,0,0,0,0,0,0,0,0,0,0,0,0,0,0,0,0,0,0,0,0,0,0,0,0,0,0,0,0,0,0,0,0,0,0,0,0,0,0,0,0,0,0,0,0,0,0,0,0,0,0,0,0,0,0,0,0,0,0,0,0,0,0,0,0,0,0,0,0,0,0,0,0,0,0,0
2012,16,10857,10153,464,0,2798,2798,240,102109,9970,9498,276,0,1690,1231,196,86317,6032,5921,30,0,765,712,81,36382,0,0,0,0,0,0,0,0,0,0,0,0,0,0,0,0,1156,1111,19,0,326,307,26,10793,0,0,0,0,0,0,0,0,0,0,0,0,0,0,0,0,179,179,0,0,2,20,0,398,0,0,0,0,0,0,0,0,3343,3324,0,0,58,57,19,12243,0,0,0,0,0,0,0,0,0,0,0,0,0,0,0,0,1354,1307,11,0,379,328,36,12948,0,0,0,0,0,0,0,0,0,0,0,0,0,0,0,0,0,0,0,0,0,0,0,0,3938,3577,246,0,925,519,115,49935,207,207,0,0,58,17,0,424,0,0,0,0,0,0,0,0,0,0,0,0,0,0,0,0,0,0,0,0,0,0,0,0,0,0,0,0,0,0,0,0,0,0,0,0,0,0,0,0,311,276,26,0,23,17,9,3806,0,0,0,0,0,0,0,0,1946,1687,194,0,385,353,65,21333,0,0,0,0,0,0,0,0
2012,28,11086,10219,603,0,2066,2066,264,109576,10841,10094,508,0,1164,1185,239,100286,5887,5723,79,0,765,715,85,42089,368,341,16,0,78,83,11,5376,0,0,0,0,0,0,0,0,1401,1364,23,0,227,185,14,9662,0,0,0,0,0,0,0,0,0,0,0,0,0,0,0,0,711,698,1,0,27,23,12,5243,0,0,0,0,0,0,0,0,0,0,0,0,0,0,0,0,1096,1048,14,0,359,350,34,12120,83,83,0,0,0,0,0,244,0,0,0,0,0,0,0,0,1031,1019,10,0,19,22,2,3487,1197,1170,15,0,55,52,12,5957,0,0,0,0,0,0,0,0,4954,4371,429,0,399,470,154,58197,0,0,0,0,0,0,0,0,0,0,0,0,0,0,0,0,0,0,0,0,0,0,0,0,348,309,19,0,27,13,20,5975,155,153,0,0,15,20,2,1481,479,448,26,0,8,30,5,3576,0,0,0,0,0,0,0,0,0,0,0,0,0,0,0,0,2897,2465,336,0,305,362,96,34867,0,0,0,0,0,0,0,0
2012,90,5156,4886,181,0,2211,2211,89,42106,5087,4871,135,0,1267,1268,81,38209,1975,1911,31,0,932,786,33,18950,0,0,0,0,0,0,0,0,956,929,5,0,880,751,22,9245,1019,982,26,0,52,35,11,9705,0,0,0,0,0,0,0,0,0,0,0,0,0,0,0,0,0,0,0,0,0,0,0,0,0,0,0,0,0,0,0,0,0,0,0,0,0,0,0,0,0,0,0,0,0,0,0,0,0,0,0,0,0,0,0,0,0,0,0,0,0,0,0,0,0,0,0,0,0,0,0,0,0,0,0,0,0,0,0,0,0,0,0,0,0,0,0,0,3112,2960,104,0,335,482,48,19259,1818,1759,37,0,122,232,22,8896,387,380,0,0,135,162,7,2240,0,0,0,0,0,0,0,0,0,0,0,0,0,0,0,0,0,0,0,0,0,0,0,0,0,0,0,0,0,0,0,0,0,0,0,0,0,0,0,0,0,0,0,0,0,0,0,0,0,0,0,0,0,0,0,0,0,0,0,0,0,0,0,0
2012,116,,,,,,,,,,,,,,,,,,,,,,,,,,,,,,,,,,,,,,,,,,,,,,,,,,,,,,,,,1169,1163,0,0,141,136,6,4461,1139,1113,2,6,116,114,18,6879,0,0,0,0,0,0,0,0,6620,6539,4,42,6588,6855,35,28444,1497,1429,16,7,640,544,45,16714,628,628,0,0,6,5,0,1886,4474,4351,29,14,269,266,80,39493,1077,1063,2,4,238,343,8,4338,2097,2072,14,1,141,115,10,11244,0,0,0,0,0,0,0,0,20418,18340,1443,120,4684,3481,515,202795,2877,2842,2,9,1323,476,24,13694,456,451,2,0,204,202,3,2866,261,235,18,1,35,92,7,2371,459,405,24,14,100,40,16,9058,45,43,1,0,8,3,1,320,496,437,38,8,75,153,13,5201,665,598,33,8,87,106,26,10073,0,0,0,0,0,0,0,0,9971,8393,1223,58,1829,1601,297,107761,0,0,0,0,0,0,0,0
2012,53,,,,,,,,,,,,,,,,,,,,,,,,,,,,,,,,,,,,,,,,,,,,,,,,,,,,,,,,,0,0,0,0,0,0,0,0,0,0,0,0,0,0,0,0,0,0,0,0,0,0,0,0,0,0,0,0,0,0,0,0,0,0,0,0,0,0,0,0,0,0,0,0,0,0,0,0,0,0,0,0,0,0,0,0,0,0,0,0,0,0,0,0,0,0,0,0,0,0,0,0,0,0,0,0,0,0,0,0,0,0,0,0,0,0,0,0,0,0,0,0,0,0,0,0,0,0,0,0,0,0,0,0,0,0,0,0,0,0,0,0,0,0,0,0,0,0,0,0,0,0,0,0,0,0,0,0,0,0,0,0,0,0,0,0,0,0,0,0,0,0,0,0,0,0,0,0,0,0,0,0,0,0,0,0,0,0,0,0,0,0,0,0,0,0,0,0
2012,33,,,,,,,,,,,,,,,,,,,,,,,,,,,,,,,,,,,,,,,,,,,,,,,,,,,,,,,,,0,0,0,0,0,0,0,0,0,0,0,0,0,0,0,0,0,0,0,0,0,0,0,0,0,0,0,0,0,0,0,0,0,0,0,0,0,0,0,0,0,0,0,0,0,0,0,0,0,0,0,0,0,0,0,0,0,0,0,0,0,0,0,0,0,0,0,0,0,0,0,0,0,0,0,0,0,0,0,0,0,0,0,0,0,0,0,0,0,0,0,0,0,0,0,0,0,0,0,0,0,0,0,0,0,0,0,0,0,0,0,0,0,0,0,0,0,0,0,0,0,0,0,0,0,0,0,0,0,0,0,0,0,0,0,0,0,0,0,0,0,0,0,0,0,0,0,0,0,0,0,0,0,0,0,0,0,0,0,0,0,0,0,0,0,0,0,0
2012,46,,,,,,,,,,,,,,,,,,,,,,,,,,,,,,,,,,,,,,,,,,,,,,,,,,,,,,,,,0,0,0,0,0,0,0,0,0,0,0,0,0,0,0,0,0,0,0,0,0,0,0,0,0,0,0,0,0,0,0,0,0,0,0,0,0,0,0,0,0,0,0,0,0,0,0,0,0,0,0,0,0,0,0,0,0,0,0,0,0,0,0,0,0,0,0,0,0,0,0,0,0,0,0,0,0,0,0,0,0,0,0,0,0,0,0,0,0,0,0,0,0,0,0,0,0,0,0,0,0,0,0,0,0,0,0,0,0,0,0,0,0,0,0,0,0,0,0,0,0,0,0,0,0,0,0,0,0,0,0,0,0,0,0,0,0,0,0,0,0,0,0,0,0,0,0,0,0,0,0,0,0,0,0,0,0,0,0,0,0,0,0,0,0,0,0,0
2012,100,,,,,,,,,,,,,,,,,,,,,,,,,,,,,,,,,,,,,,,,,,,,,,,,,,,,,,,,,0,0,0,0,0,0,0,0,0,0,0,0,0,0,0,0,0,0,0,0,0,0,0,0,0,0,0,0,0,0,0,0,0,0,0,0,0,0,0,0,0,0,0,0,0,0,0,0,0,0,0,0,0,0,0,0,0,0,0,0,0,0,0,0,0,0,0,0,0,0,0,0,0,0,0,0,0,0,0,0,0,0,0,0,0,0,0,0,0,0,0,0,0,0,0,0,0,0,0,0,0,0,0,0,0,0,0,0,0,0,0,0,0,0,0,0,0,0,0,0,0,0,0,0,0,0,0,0,0,0,0,0,0,0,0,0,0,0,0,0,0,0,0,0,0,0,0,0,0,0,0,0,0,0,0,0,0,0,0,0,0,0,0,0,0,0,0,0
2012,68,,,,,,,,,,,,,,,,,,,,,,,,,,,,,,,,,,,,,,,,,,,,,,,,,,,,,,,,,0,0,0,0,0,0,0,0,0,0,0,0,0,0,0,0,0,0,0,0,0,0,0,0,0,0,0,0,0,0,0,0,0,0,0,0,0,0,0,0,0,0,0,0,0,0,0,0,0,0,0,0,0,0,0,0,0,0,0,0,0,0,0,0,0,0,0,0,0,0,0,0,0,0,0,0,0,0,0,0,0,0,0,0,0,0,0,0,0,0,0,0,0,0,0,0,0,0,0,0,0,0,0,0,0,0,0,0,0,0,0,0,0,0,0,0,0,0,0,0,0,0,0,0,0,0,0,0,0,0,0,0,0,0,0,0,0,0,0,0,0,0,0,0,0,0,0,0,0,0,0,0,0,0,0,0,0,0,0,0,0,0,0,0,0,0,0,0
2012,45,19409,18111,924,97,2608,2608,277,134612,18895,17676,856,94,2241,1897,269,129620,10613,10188,275,27,555,544,123,65332,299,282,7,2,35,26,8,2748,0,0,0,0,0,0,0,0,3582,3308,214,8,336,384,52,25599,0,0,0,0,0,0,0,0,0,0,0,0,0,0,0,0,0,0,0,0,0,0,0,0,0,0,0,0,0,0,0,0,3264,3242,2,6,21,16,14,12639,0,0,0,0,0,0,0,0,3,3,0,0,0,0,0,30,2059,1974,33,10,103,101,42,18106,590,586,1,1,20,11,2,2229,816,793,18,0,40,6,5,3981,0,0,0,0,0,0,0,0,8282,7488,581,67,1686,1353,146,64288,911,895,9,1,395,72,6,4569,0,0,0,0,0,0,0,0,5,5,0,0,3,0,0,52,0,0,0,0,0,0,0,0,0,0,0,0,0,0,0,0,315,305,6,1,51,20,3,1510,0,0,0,0,0,0,0,0,0,0,0,0,0,0,0,0,4320,3653,517,52,144,1189,98,38895,0,0,0,0,0,0,0,0
2012,95,1521,1316,142,10,497,497,53,17698,1311,1122,141,10,497,497,38,13013,0,0,0,0,0,0,0,0,0,0,0,0,0,0,0,0,0,0,0,0,0,0,0,0,0,0,0,0,0,0,0,0,0,0,0,0,0,0,0,0,0,0,0,0,0,0,0,0,0,0,0,0,0,0,0,0,0,0,0,0,0,0,0,0,0,0,0,0,0,0,0,0,0,0,0,0,0,0,0,0,0,0,0,0,0,0,0,0,0,0,0,0,0,0,0,0,0,0,0,0,0,0,0,0,0,0,0,0,0,0,0,0,0,0,0,0,0,0,0,0,1311,1122,141,10,497,497,38,13013,0,0,0,0,0,0,0,0,0,0,0,0,0,0,0,0,0,0,0,0,0,0,0,0,0,0,0,0,0,0,0,0,0,0,0,0,0,0,0,0,0,0,0,0,0,0,0,0,0,0,0,0,0,0,0,0,0,0,0,0,0,0,0,0,1311,1122,141,10,497,56,38,13013,0,0,0,0,0,0,0,0
2012,223,11998,11159,624,0,2461,2461,215,83525,11387,10720,481,0,1890,883,186,75382,6389,6227,76,0,693,598,86,37411,0,0,0,0,0,0,0,0,0,0,0,0,0,0,0,0,2510,2427,44,0,418,333,39,15126,0,0,0,0,0,0,0,0,0,0,0,0,0,0,0,0,158,155,2,0,20,12,1,844,0,0,0,0,0,0,0,0,1960,1950,2,0,113,121,8,5812,0,0,0,0,0,0,0,0,373,360,4,0,25,45,9,2748,1139,1096,18,0,48,37,25,11045,0,0,0,0,0,0,0,0,249,239,6,0,69,50,4,1836,0,0,0,0,0,0,0,0,4998,4493,405,0,1197,285,100,37971,944,916,12,0,471,69,16,5505,0,0,0,0,0,0,0,0,0,0,0,0,0,0,0,0,0,0,0,0,0,0,0,0,0,0,0,0,0,0,0,0,0,0,0,0,0,0,0,0,0,0,0,0,0,0,0,0,0,0,0,0,0,0,0,0,2165,1792,321,0,430,102,52,19189,0,0,0,0,0,0,0,0
2012,170,3683,3389,210,6,34,34,78,30329,3683,3389,210,6,34,34,78,30329,1931,1887,25,3,28,20,16,12298,0,0,0,0,0,0,0,0,0,0,0,0,0,0,0,0,1087,1057,23,2,18,9,5,6030,0,0,0,0,0,0,0,0,0,0,0,0,0,0,0,0,0,0,0,0,0,0,0,0,0,0,0,0,0,0,0,0,0,0,0,0,0,0,0,0,0,0,0,0,0,0,0,0,0,0,0,0,0,0,0,0,712,698,2,1,10,6,11,5749,132,132,0,0,0,5,0,519,0,0,0,0,0,0,0,0,0,0,0,0,0,0,0,0,1752,1502,185,3,6,14,62,18031,0,0,0,0,0,0,0,0,0,0,0,0,0,0,0,0,0,0,0,0,0,0,0,0,0,0,0,0,0,0,0,0,0,0,0,0,0,0,0,0,0,0,0,0,0,0,0,0,0,0,0,0,0,0,0,0,0,0,0,0,0,0,0,0,1752,1502,185,3,6,14,62,18031,0,0,0,0,0,0,0,0
2012,83,10255,9657,368,116,486,486,114,52412,9919,9370,327,114,334,216,108,50442,6018,5811,77,76,98,72,54,27628,0,0,0,0,0,0,0,0,0,0,0,0,0,0,0,0,2523,2415,66,9,65,39,33,12467,0,0,0,0,0,0,0,0,0,0,0,0,0,0,0,0,0,0,0,0,0,0,0,0,0,0,0,0,0,0,0,0,2791,2729,2,53,8,8,7,8265,0,0,0,0,0,0,0,0,0,0,0,0,0,0,0,0,591,554,9,14,25,20,14,6684,113,113,0,0,0,5,0,212,0,0,0,0,0,0,0,0,0,0,0,0,0,0,0,0,3901,3559,250,38,236,144,54,22814,0,0,0,0,0,0,0,0,0,0,0,0,0,0,0,0,0,0,0,0,0,0,0,0,0,0,0,0,0,0,0,0,0,0,0,0,0,0,0,0,0,0,0,0,0,0,0,0,0,0,0,0,0,0,0,0,0,0,0,0,0,0,0,0,1813,1518,249,4,207,22,42,16269,0,0,0,0,0,0,0,0
2012,224,6670,5982,479,66,646,646,143,50927,6563,5948,413,66,412,412,136,48184,3774,3552,121,36,280,280,65,25569,0,0,0,0,0,0,0,0,0,0,0,0,0,0,0,0,2038,1891,105,2,230,230,40,14899,0,0,0,0,0,0,0,0,0,0,0,0,0,0,0,0,0,0,0,0,0,0,0,0,0,0,0,0,0,0,0,0,1088,1048,3,32,13,13,5,3652,0,0,0,0,0,0,0,0,0,0,0,0,0,0,0,0,530,504,8,1,25,25,17,6178,0,0,0,0,0,0,0,0,118,109,5,1,12,12,3,840,0,0,0,0,0,0,0,0,2789,2396,292,30,132,132,71,22615,0,0,0,0,0,0,0,0,0,0,0,0,0,0,0,0,0,0,0,0,0,0,0,0,0,0,0,0,0,0,0,0,0,0,0,0,0,0,0,0,0,0,0,0,0,0,0,0,0,0,0,0,0,0,0,0,0,0,0,0,0,0,0,0,1864,1513,288,6,71,71,57,16956,0,0,0,0,0,0,0,0
2012,190,2826,2506,236,21,240,240,63,25141,2826,2506,236,21,240,240,63,25141,1363,1318,15,7,74,74,23,10961,0,0,0,0,0,0,0,0,0,0,0,0,0,0,0,0,838,806,13,7,41,41,12,5763,0,0,0,0,0,0,0,0,0,0,0,0,0,0,0,0,0,0,0,0,0,0,0,0,0,0,0,0,0,0,0,0,0,0,0,0,0,0,0,0,0,0,0,0,0,0,0,0,0,0,0,0,0,0,0,0,525,512,2,0,33,33,11,5198,0,0,0,0,0,0,0,0,0,0,0,0,0,0,0,0,0,0,0,0,0,0,0,0,1463,1188,221,14,166,166,40,14180,0,0,0,0,0,0,0,0,0,0,0,0,0,0,0,0,0,0,0,0,0,0,0,0,0,0,0,0,0,0,0,0,0,0,0,0,0,0,0,0,0,0,0,0,0,0,0,0,0,0,0,0,0,0,0,0,0,0,0,0,0,0,0,0,1463,1188,221,14,166,166,40,14180,0,0,0,0,0,0,0,0
2012,198,17235,15854,969,74,2993,2993,338,124824,16757,15494,867,74,2247,1732,322,118307,7682,7425,129,32,545,520,96,44654,0,0,0,0,0,0,0,0,0,0,0,0,0,0,0,0,2364,2213,106,7,340,334,38,16025,58,56,1,0,12,10,1,514,0,0,0,0,0,0,0,0,0,0,0,0,0,0,0,0,0,0,0,0,0,0,0,0,2577,2543,0,17,44,47,17,7794,0,0,0,0,0,0,0,0,93,93,0,0,6,5,0,320,1645,1593,16,3,82,82,33,13945,293,291,0,0,15,13,2,1202,652,636,6,5,46,29,5,4854,0,0,0,0,0,0,0,0,9075,8069,738,42,1702,1212,226,73653,1082,1063,5,4,494,64,10,4040,0,0,0,0,0,0,0,0,0,0,0,0,0,0,0,0,279,194,70,0,304,93,15,5203,0,0,0,0,0,0,0,0,12,12,0,0,1,3,0,133,0,0,0,0,0,0,0,0,0,0,0,0,0,0,0,0,2818,2348,358,16,381,558,96,28403,0,0,0,0,0,0,0,0
2012,139,228,182,41,0,7,7,5,4696,228,182,41,0,7,7,5,4696,0,0,0,0,0,0,0,0,0,0,0,0,0,0,0,0,0,0,0,0,0,0,0,0,0,0,0,0,0,0,0,0,0,0,0,0,0,0,0,0,0,0,0,0,0,0,0,0,0,0,0,0,0,0,0,0,0,0,0,0,0,0,0,0,0,0,0,0,0,0,0,0,0,0,0,0,0,0,0,0,0,0,0,0,0,0,0,0,0,0,0,0,0,0,0,0,0,0,0,0,0,0,0,0,0,0,0,0,0,0,0,0,0,0,0,0,0,0,0,0,228,182,41,0,7,7,5,4696,0,0,0,0,0,0,0,0,0,0,0,0,0,0,0,0,0,0,0,0,0,0,0,0,0,0,0,0,0,0,0,0,0,0,0,0,0,0,0,0,0,0,0,0,0,0,0,0,0,0,0,0,0,0,0,0,0,0,0,0,0,0,0,0,228,182,41,0,7,7,5,4696,0,0,0,0,0,0,0,0
2012,21,2099,1843,188,17,96,96,51,16979,2099,1843,188,17,96,96,51,16979,870,829,24,2,66,38,15,6013,0,0,0,0,0,0,0,0,0,0,0,0,0,0,0,0,683,646,24,1,58,30,12,4343,0,0,0,0,0,0,0,0,0,0,0,0,0,0,0,0,0,0,0,0,0,0,0,0,0,0,0,0,0,0,0,0,2,2,0,0,0,0,0,8,0,0,0,0,0,0,0,0,0,0,0,0,0,0,0,0,179,176,0,0,8,8,3,1652,6,5,0,1,0,0,0,10,0,0,0,0,0,0,0,0,0,0,0,0,0,0,0,0,1229,1014,164,15,30,58,36,10966,0,0,0,0,0,0,0,0,0,0,0,0,0,0,0,0,0,0,0,0,0,0,0,0,0,0,0,0,0,0,0,0,0,0,0,0,0,0,0,0,0,0,0,0,0,0,0,0,0,0,0,0,0,0,0,0,0,0,0,0,0,0,0,0,1229,1014,164,15,30,58,36,10966,0,0,0,0,0,0,0,0
2012,152,5894,5383,371,29,560,560,111,45787,5894,5383,371,29,560,560,111,45787,2163,2053,68,9,195,141,33,14685,0,0,0,0,0,0,0,0,0,0,0,0,0,0,0,0,1078,998,51,9,92,59,20,6543,0,0,0,0,0,0,0,0,0,0,0,0,0,0,0,0,0,0,0,0,0,0,0,0,0,0,0,0,0,0,0,0,143,140,3,0,18,18,0,650,0,0,0,0,0,0,0,0,12,12,0,0,11,11,0,77,783,761,10,0,26,13,12,6528,142,137,4,0,36,20,1,829,5,5,0,0,12,20,0,58,0,0,0,0,0,0,0,0,3731,3330,303,20,365,419,78,31102,156,140,7,2,65,15,7,1121,0,0,0,0,0,0,0,0,0,0,0,0,0,0,0,0,0,0,0,0,0,0,0,0,0,0,0,0,0,0,0,0,0,0,0,0,0,0,0,0,0,0,0,0,0,0,0,0,0,0,0,0,0,0,0,0,2918,2551,287,14,232,256,66,27374,0,0,0,0,0,0,0,0
2012,195,,,,,,,,,,,,,,,,,,,,,,,,,,,,,,,,,,,,,,,,,,,,,,,,,,,,,,,,,147,146,0,0,2,5,1,340,681,668,5,2,105,81,6,4739,0,0,0,0,0,0,0,0,3162,3056,8,76,83,76,22,11399,669,635,20,2,295,161,12,7117,44,44,0,0,5,3,0,191,2087,2036,10,10,794,391,31,14493,1478,1451,16,8,95,88,3,3524,1315,1277,19,4,172,108,15,5526,0,0,0,0,0,0,0,0,11108,9880,881,109,5229,5909,238,87987,720,701,7,1,620,153,11,3800,0,0,0,0,0,0,0,0,0,0,0,0,0,0,0,0,150,125,20,5,108,20,0,1465,0,0,0,0,0,0,0,0,315,306,6,0,100,22,3,1438,0,0,0,0,0,0,0,0,0,0,0,0,0,0,0,0,2830,2252,450,20,2372,213,108,34285,0,0,0,0,0,0,0,0
2012,162,,,,,,,,,,,,,,,,,,,,,,,,,,,,,,,,,,,,,,,,,,,,,,,,,,,,,,,,,0,0,0,0,0,0,0,0,0,0,0,0,0,0,0,0,0,0,0,0,0,0,0,0,0,0,0,0,0,0,0,0,0,0,0,0,0,0,0,0,0,0,0,0,0,0,0,0,0,0,0,0,0,0,0,0,0,0,0,0,0,0,0,0,0,0,0,0,0,0,0,0,0,0,0,0,0,0,0,0,0,0,0,0,0,0,0,0,0,0,0,0,0,0,0,0,0,0,0,0,0,0,0,0,0,0,0,0,0,0,0,0,0,0,0,0,0,0,0,0,0,0,0,0,0,0,0,0,0,0,0,0,0,0,0,0,0,0,0,0,0,0,0,0,0,0,0,0,0,0,0,0,0,0,0,0,0,0,0,0,0,0,0,0,0,0,0,0
2012,87,,,,,,,,,,,,,,,,,,,,,,,,,,,,,,,,,,,,,,,,,,,,,,,,,,,,,,,,,0,0,0,0,0,0,0,0,0,0,0,0,0,0,0,0,0,0,0,0,0,0,0,0,0,0,0,0,0,0,0,0,0,0,0,0,0,0,0,0,0,0,0,0,0,0,0,0,0,0,0,0,0,0,0,0,0,0,0,0,0,0,0,0,0,0,0,0,0,0,0,0,0,0,0,0,0,0,0,0,0,0,0,0,0,0,0,0,0,0,0,0,0,0,0,0,0,0,0,0,0,0,0,0,0,0,0,0,0,0,0,0,0,0,0,0,0,0,0,0,0,0,0,0,0,0,0,0,0,0,0,0,0,0,0,0,0,0,0,0,0,0,0,0,0,0,0,0,0,0,0,0,0,0,0,0,0,0,0,0,0,0,0,0,0,0,0,0
2012,99,21611,20469,741,81,2490,2490,320,129848,18732,17723,645,80,1934,719,284,111383,12259,11986,99,67,439,365,107,56359,364,360,2,0,80,58,2,1202,0,0,0,0,0,0,0,0,2846,2717,73,12,238,218,44,16122,0,0,0,0,0,0,0,0,0,0,0,0,0,0,0,0,170,169,0,0,24,2,1,1083,0,0,0,0,0,0,0,0,3861,3799,3,39,25,20,20,12897,0,0,0,0,0,0,0,0,35,35,0,0,0,1,0,66,3225,3167,14,13,53,47,31,17584,763,761,2,0,1,0,0,1597,995,978,5,3,18,19,9,5808,0,0,0,0,0,0,0,0,6473,5737,546,13,1495,354,177,55024,809,774,17,0,470,45,18,5670,0,0,0,0,0,0,0,0,0,0,0,0,0,0,0,0,0,0,0,0,0,0,0,0,0,0,0,0,0,0,0,0,33,33,0,0,4,3,0,98,0,0,0,0,0,0,0,0,0,0,0,0,0,0,0,0,3909,3257,515,8,428,226,129,34140,0,0,0,0,0,0,0,0
2012,40,1802,1354,348,15,29,29,85,28520,1760,1339,348,15,29,29,58,19416,0,0,0,0,0,0,0,0,0,0,0,0,0,0,0,0,0,0,0,0,0,0,0,0,0,0,0,0,0,0,0,0,0,0,0,0,0,0,0,0,0,0,0,0,0,0,0,0,0,0,0,0,0,0,0,0,0,0,0,0,0,0,0,0,0,0,0,0,0,0,0,0,0,0,0,0,0,0,0,0,0,0,0,0,0,0,0,0,0,0,0,0,0,0,0,0,0,0,0,0,0,0,0,0,0,0,0,0,0,0,0,0,0,0,0,0,0,0,0,0,1760,1339,348,15,29,29,58,19416,0,0,0,0,0,0,0,0,0,0,0,0,0,0,0,0,0,0,0,0,0,0,0,0,0,0,0,0,0,0,0,0,0,0,0,0,0,0,0,0,0,0,0,0,0,0,0,0,0,0,0,0,0,0,0,0,0,0,0,0,0,0,0,0,1610,1205,348,10,16,21,47,15267,0,0,0,0,0,0,0,0
2012,10,24221,22601,1154,0,7025,7025,466,187158,22658,21528,717,0,4723,2197,413,165599,14330,13977,177,0,1800,1439,176,89533,1027,994,14,0,213,200,19,9022,0,0,0,0,0,0,0,0,4118,3992,79,0,797,494,47,30341,371,366,2,0,24,21,3,1725,447,444,0,0,10,13,3,1327,103,103,0,0,3,2,0,233,0,0,0,0,0,0,0,0,0,0,0,0,0,0,0,0,1500,1442,31,0,290,286,27,11611,695,693,0,0,18,19,2,1485,2987,2912,22,0,279,253,53,19868,1271,1258,6,0,56,57,7,3630,1811,1773,23,0,110,94,15,10291,0,0,0,0,0,0,0,0,8328,7551,540,0,2923,758,237,76066,1374,1338,15,0,461,83,21,6399,0,0,0,0,0,0,0,0,0,0,0,0,0,0,0,0,0,0,0,0,0,0,0,0,359,350,4,0,81,34,5,3612,656,630,17,0,180,49,9,4273,227,178,43,0,37,18,6,2130,148,138,0,0,125,9,10,4632,3554,3044,377,0,1610,367,133,38560,0,0,0,0,0,0,0,0
2012,74,690,683,0,0,170,170,7,6040,682,675,0,0,160,149,7,5692,254,254,0,0,13,6,0,587,0,0,0,0,0,0,0,0,0,0,0,0,0,0,0,0,0,0,0,0,0,0,0,0,25,25,0,0,0,1,0,27,124,124,0,0,8,4,0,353,23,23,0,0,0,0,0,39,0,0,0,0,0,0,0,0,0,0,0,0,0,0,0,0,2,2,0,0,0,0,0,11,0,0,0,0,0,0,0,0,0,0,0,0,0,0,0,0,55,55,0,0,5,0,0,91,25,25,0,0,0,1,0,66,0,0,0,0,0,0,0,0,428,421,0,0,147,143,7,5105,0,0,0,0,0,0,0,0,0,0,0,0,0,0,0,0,0,0,0,0,0,0,0,0,0,0,0,0,0,0,0,0,0,0,0,0,0,0,0,0,20,20,0,0,4,1,0,103,13,13,0,0,7,0,0,55,0,0,0,0,0,0,0,0,0,0,0,0,0,0,0,0,0,0,0,0,0,0,0,0
2012,171,6639,6556,22,0,4752,4752,61,26202,5694,5657,1,0,3838,3872,36,15987,5694,5657,1,0,3838,3872,36,15987,0,0,0,0,0,0,0,0,0,0,0,0,0,0,0,0,0,0,0,0,0,0,0,0,0,0,0,0,0,0,0,0,0,0,0,0,0,0,0,0,0,0,0,0,0,0,0,0,0,0,0,0,0,0,0,0,5694,5657,1,0,3838,3872,36,15987,0,0,0,0,0,0,0,0,0,0,0,0,0,0,0,0,0,0,0,0,0,0,0,0,0,0,0,0,0,0,0,0,0,0,0,0,0,0,0,0,0,0,0,0,0,0,0,0,0,0,0,0,0,0,0,0,0,0,0,0,0,0,0,0,0,0,0,0,0,0,0,0,0,0,0,0,0,0,0,0,0,0,0,0,0,0,0,0,0,0,0,0,0,0,0,0,0,0,0,0,0,0,0,0,0,0,0,0,0,0,0,0,0,0,0,0,0,0,0,0,0,0,0,0,0,0,0,0,0,0,0,0,0,0,0,0
2012,15,521,482,23,0,0,0,16,7084,521,482,23,0,0,0,16,7084,0,0,0,0,0,0,0,0,0,0,0,0,0,0,0,0,0,0,0,0,0,0,0,0,0,0,0,0,0,0,0,0,0,0,0,0,0,0,0,0,0,0,0,0,0,0,0,0,0,0,0,0,0,0,0,0,0,0,0,0,0,0,0,0,0,0,0,0,0,0,0,0,0,0,0,0,0,0,0,0,0,0,0,0,0,0,0,0,0,0,0,0,0,0,0,0,0,0,0,0,0,0,0,0,0,0,0,0,0,0,0,0,0,0,0,0,0,0,0,0,521,482,23,0,0,0,16,7084,0,0,0,0,0,0,0,0,0,0,0,0,0,0,0,0,0,0,0,0,0,0,0,0,372,343,19,0,0,0,10,4591,0,0,0,0,0,0,0,0,0,0,0,0,0,0,0,0,0,0,0,0,0,0,0,0,0,0,0,0,0,0,0,0,0,0,0,0,0,0,0,0,0,0,0,0,0,0,0,0
2012,11,2676,2127,8,180,12,12,361,130253,2676,2127,8,180,12,12,361,130253,0,0,0,0,0,0,0,0,0,0,0,0,0,0,0,0,0,0,0,0,0,0,0,0,0,0,0,0,0,0,0,0,0,0,0,0,0,0,0,0,0,0,0,0,0,0,0,0,0,0,0,0,0,0,0,0,0,0,0,0,0,0,0,0,0,0,0,0,0,0,0,0,0,0,0,0,0,0,0,0,0,0,0,0,0,0,0,0,0,0,0,0,0,0,0,0,0,0,0,0,0,0,0,0,0,0,0,0,0,0,0,0,0,0,0,0,0,0,0,0,2676,2127,8,180,12,12,361,130253,0,0,0,0,0,0,0,0,0,0,0,0,0,0,0,0,0,0,0,0,0,0,0,0,0,0,0,0,0,0,0,0,0,0,0,0,0,0,0,0,0,0,0,0,0,0,0,0,0,0,0,0,0,0,0,0,0,0,0,0,0,0,0,0,0,0,0,0,0,0,0,0,0,0,0,0,0,0,0,0
2012,19,12072,11073,708,62,12072,12072,229,81326,11306,10502,545,58,11096,10590,201,72480,6635,6444,72,28,10077,10104,91,33487,0,0,0,0,0,0,0,0,0,0,0,0,0,0,0,0,0,0,0,0,0,0,0,0,0,0,0,0,0,0,0,0,0,0,0,0,0,0,0,0,0,0,0,0,0,0,0,0,0,0,0,0,0,0,0,0,3763,3706,1,21,5130,5123,35,13393,0,0,0,0,0,0,0,0,0,0,0,0,0,0,0,0,0,0,0,0,0,0,0,0,0,0,0,0,0,0,0,0,0,0,0,0,0,0,0,0,2872,2738,71,7,4947,4981,56,20094,4671,4058,473,30,1019,486,110,38993,0,0,0,0,0,0,0,0,0,0,0,0,0,0,0,0,0,0,0,0,0,0,0,0,0,0,0,0,0,0,0,0,0,0,0,0,0,0,0,0,0,0,0,0,0,0,0,0,0,0,0,0,0,0,0,0,0,0,0,0,0,0,0,0,0,0,0,0,0,0,0,0,0,0,0,0,0,0,0,0
2012,39,37398,34379,2157,167,11666,11666,695,303155,34532,32162,1622,160,6963,6495,588,260302,17070,16684,126,53,4643,4165,207,105778,835,800,12,3,518,616,20,10167,1091,1068,6,2,948,919,15,5934,3978,3889,37,5,645,431,47,29819,0,0,0,0,0,0,0,0,861,858,0,0,235,118,3,3769,605,598,0,2,57,83,5,4618,0,0,0,0,0,0,0,0,3879,3833,2,26,610,400,18,15515,1450,1395,32,0,1017,934,23,8148,580,575,0,1,17,20,4,1579,1592,1540,12,9,275,255,31,13907,325,285,11,3,49,132,26,3309,1874,1843,14,2,272,257,15,9013,0,0,0,0,0,0,0,0,17462,15478,1496,107,2320,2330,381,154524,1421,1395,16,2,124,159,8,6195,0,0,0,0,0,0,0,0,354,337,0,4,13,20,13,5243,419,359,30,10,97,64,20,7063,190,187,1,0,54,16,2,1176,1311,1213,56,14,235,145,28,9250,387,290,79,1,393,378,17,7119,0,0,0,0,0,0,0,0,8888,7495,1171,40,280,704,182,66671,0,0,0,0,0,0,0,0
2012,9,10306,9514,567,39,1030,1030,186,80333,10137,9418,499,38,790,809,182,77408,4025,3943,46,5,213,230,31,21528,883,859,10,2,141,77,12,6762,644,633,3,1,39,65,7,4863,1745,1702,30,2,7,43,11,7143,0,0,0,0,0,0,0,0,0,0,0,0,0,0,0,0,0,0,0,0,0,0,0,0,0,0,0,0,0,0,0,0,0,0,0,0,0,0,0,0,0,0,0,0,0,0,0,0,0,0,0,0,0,0,0,0,0,0,0,0,0,0,0,0,753,749,3,0,26,45,1,2760,0,0,0,0,0,0,0,0,0,0,0,0,0,0,0,0,6112,5475,453,33,577,579,151,55880,505,480,14,1,137,62,10,4620,0,0,0,0,0,0,0,0,0,0,0,0,0,0,0,0,0,0,0,0,0,0,0,0,0,0,0,0,0,0,0,0,238,223,13,2,18,27,0,1864,0,0,0,0,0,0,0,0,0,0,0,0,0,0,0,0,2761,2469,211,13,48,210,68,24152,0,0,0,0,0,0,0,0
2012,173,19327,17209,1466,200,4309,4309,452,178246,18277,16521,1157,188,3472,1934,411,162463,9384,8961,165,126,668,611,132,65998,0,0,0,0,0,0,0,0,0,0,0,0,0,0,0,0,2238,2124,73,7,294,277,34,18329,0,0,0,0,0,0,0,0,0,0,0,0,0,0,0,0,190,187,1,0,14,3,2,837,0,0,0,0,0,0,0,0,3978,3849,11,85,33,42,33,15993,540,490,24,9,158,104,17,6655,34,33,0,0,3,3,1,398,1355,1289,12,21,90,105,33,16128,119,108,10,0,11,15,1,1309,930,881,34,4,65,62,11,6349,0,0,0,0,0,0,0,0,8893,7560,992,62,2804,1323,279,96465,1246,1216,14,1,859,93,15,3799,0,0,0,0,0,0,0,0,3,3,0,0,0,0,0,43,213,187,14,2,93,51,10,3593,0,0,0,0,0,0,0,0,624,577,36,0,57,69,11,4517,0,0,0,0,0,0,0,0,51,46,1,0,32,5,4,1210,3228,2378,690,18,1154,904,142,43674,0,0,0,0,0,0,0,0
2012,178,5395,5234,56,64,10,10,41,22844,5395,5234,56,64,10,10,41,22844,4794,4650,55,58,5,6,31,19953,0,0,0,0,0,0,0,0,0,0,0,0,0,0,0,0,1890,1809,50,15,1,4,16,9480,0,0,0,0,0,0,0,0,0,0,0,0,0,0,0,0,0,0,0,0,0,0,0,0,0,0,0,0,0,0,0,0,1530,1488,2,37,3,0,3,3827,0,0,0,0,0,0,0,0,0,0,0,0,0,0,0,0,1374,1353,3,6,1,2,12,6646,0,0,0,0,0,0,0,0,0,0,0,0,0,0,0,0,0,0,0,0,0,0,0,0,601,584,1,6,5,4,10,2891,0,0,0,0,0,0,0,0,0,0,0,0,0,0,0,0,0,0,0,0,0,0,0,0,0,0,0,0,0,0,0,0,0,0,0,0,0,0,0,0,0,0,0,0,0,0,0,0,0,0,0,0,0,0,0,0,0,0,0,0,0,0,0,0,0,0,0,0,0,0,0,0,0,0,0,0,0,0,0,0
2012,215,2061,1706,262,27,0,0,66,18578,2061,1706,262,27,0,0,66,18578,0,0,0,0,0,0,0,0,0,0,0,0,0,0,0,0,0,0,0,0,0,0,0,0,0,0,0,0,0,0,0,0,0,0,0,0,0,0,0,0,0,0,0,0,0,0,0,0,0,0,0,0,0,0,0,0,0,0,0,0,0,0,0,0,0,0,0,0,0,0,0,0,0,0,0,0,0,0,0,0,0,0,0,0,0,0,0,0,0,0,0,0,0,0,0,0,0,0,0,0,0,0,0,0,0,0,0,0,0,0,0,0,0,0,0,0,0,0,0,0,2061,1706,262,27,0,0,66,18578,0,0,0,0,0,0,0,0,0,0,0,0,0,0,0,0,0,0,0,0,0,0,0,0,0,0,0,0,0,0,0,0,0,0,0,0,0,0,0,0,0,0,0,0,0,0,0,0,0,0,0,0,0,0,0,0,0,0,0,0,0,0,0,0,2061,1706,262,27,0,0,66,18578,0,0,0,0,0,0,0,0
2012,226,9566,8567,707,100,1114,1114,192,77905,9242,8323,641,95,979,714,183,73296,4299,4097,88,55,337,494,59,27943,0,0,0,0,0,0,0,0,0,0,0,0,0,0,0,0,1322,1222,70,6,289,333,24,11574,0,0,0,0,0,0,0,0,0,0,0,0,0,0,0,0,0,0,0,0,0,0,0,0,0,0,0,0,0,0,0,0,1478,1421,3,44,7,8,10,5984,0,0,0,0,0,0,0,0,184,184,0,0,7,25,0,522,1155,1115,13,4,24,48,23,8973,160,155,2,1,10,80,2,890,0,0,0,0,0,0,0,0,0,0,0,0,0,0,0,0,4943,4226,553,40,642,220,124,45353,818,779,23,6,247,66,10,5478,0,0,0,0,0,0,0,0,0,0,0,0,0,0,0,0,0,0,0,0,0,0,0,0,0,0,0,0,0,0,0,0,81,73,6,2,10,11,0,788,0,0,0,0,0,0,0,0,0,0,0,0,0,0,0,0,1795,1289,444,10,167,54,52,18081,0,0,0,0,0,0,0,0
2012,191,1289,1068,163,4,4,4,54,21744,983,808,136,4,4,4,35,13360,33,30,2,0,2,2,1,420,0,0,0,0,0,0,0,0,0,0,0,0,0,0,0,0,33,30,2,0,2,2,1,420,0,0,0,0,0,0,0,0,0,0,0,0,0,0,0,0,0,0,0,0,0,0,0,0,0,0,0,0,0,0,0,0,0,0,0,0,0,0,0,0,0,0,0,0,0,0,0,0,0,0,0,0,0,0,0,0,0,0,0,0,0,0,0,0,0,0,0,0,0,0,0,0,0,0,0,0,0,0,0,0,0,0,0,0,0,0,0,0,950,778,134,4,2,2,34,12940,0,0,0,0,0,0,0,0,0,0,0,0,0,0,0,0,0,0,0,0,0,0,0,0,0,0,0,0,0,0,0,0,0,0,0,0,0,0,0,0,0,0,0,0,0,0,0,0,0,0,0,0,0,0,0,0,0,0,0,0,0,0,0,0,950,778,134,4,2,2,34,12940,0,0,0,0,0,0,0,0
2012,157,8784,7980,602,51,761,761,151,61422,8271,7566,525,50,607,354,130,54742,4972,4790,89,44,201,183,49,29192,0,0,0,0,0,0,0,0,0,0,0,0,0,0,0,0,1697,1602,60,4,115,83,31,14320,0,0,0,0,0,0,0,0,0,0,0,0,0,0,0,0,0,0,0,0,0,0,0,0,0,0,0,0,0,0,0,0,1790,1739,4,40,62,68,7,4385,0,0,0,0,0,0,0,0,238,238,0,0,3,3,0,365,845,814,22,0,11,19,9,7791,67,67,0,0,1,1,0,171,335,330,3,0,9,9,2,2160,0,0,0,0,0,0,0,0,3299,2776,436,6,406,171,81,25550,492,480,6,0,188,11,6,2524,0,0,0,0,0,0,0,0,0,0,0,0,0,0,0,0,0,0,0,0,0,0,0,0,0,0,0,0,0,0,0,0,0,0,0,0,0,0,0,0,0,0,0,0,0,0,0,0,0,0,0,0,0,0,0,0,2041,1631,350,2,166,130,58,19411,0,0,0,0,0,0,0,0
2012,172,200,124,54,0,0,0,22,7816,0,0,0,0,0,0,0,0,0,0,0,0,0,0,0,0,0,0,0,0,0,0,0,0,0,0,0,0,0,0,0,0,0,0,0,0,0,0,0,0,0,0,0,0,0,0,0,0,0,0,0,0,0,0,0,0,0,0,0,0,0,0,0,0,0,0,0,0,0,0,0,0,0,0,0,0,0,0,0,0,0,0,0,0,0,0,0,0,0,0,0,0,0,0,0,0,0,0,0,0,0,0,0,0,0,0,0,0,0,0,0,0,0,0,0,0,0,0,0,0,0,0,0,0,0,0,0,0,0,0,0,0,0,0,0,0,0,0,0,0,0,0,0,0,0,0,0,0,0,0,0,0,0,0,0,0,0,0,0,0,0,0,0,0,0,0,0,0,0,0,0,0,0,0,0,0,0,0,0,0,0,0,0,0,0,0,0,0,0,0,0,0,0,0,0,0,0,0,0,0,0,0,0,0,0,0,0,0,0,0,0,0,0,0,0,0
2012,176,19870,18673,705,122,3551,3551,370,119418,17685,16754,481,102,2660,951,348,108689,10124,9830,148,42,1204,567,104,56749,0,0,0,0,0,0,0,0,0,0,0,0,0,0,0,0,4902,4694,128,17,1027,423,63,31309,0,0,0,0,0,0,0,0,0,0,0,0,0,0,0,0,0,0,0,0,0,0,0,0,0,0,0,0,0,0,0,0,3060,3024,1,23,22,28,12,10469,0,0,0,0,0,0,0,0,0,0,0,0,0,0,0,0,2162,2112,19,2,155,116,29,14971,0,0,0,0,0,0,0,0,0,0,0,0,0,0,0,0,0,0,0,0,0,0,0,0,7561,6924,333,60,1456,384,244,51940,0,0,0,0,0,0,0,0,0,0,0,0,0,0,0,0,0,0,0,0,0,0,0,0,0,0,0,0,0,0,0,0,0,0,0,0,0,0,0,0,0,0,0,0,0,0,0,0,0,0,0,0,0,0,0,0,0,0,0,0,0,0,0,0,3826,3407,333,8,1369,253,78,30625,0,0,0,0,0,0,0,0
2012,43,2337,2216,43,7,403,403,71,23392,2337,2216,43,7,403,403,71,23392,0,0,0,0,0,0,0,0,0,0,0,0,0,0,0,0,0,0,0,0,0,0,0,0,0,0,0,0,0,0,0,0,0,0,0,0,0,0,0,0,0,0,0,0,0,0,0,0,0,0,0,0,0,0,0,0,0,0,0,0,0,0,0,0,0,0,0,0,0,0,0,0,0,0,0,0,0,0,0,0,0,0,0,0,0,0,0,0,0,0,0,0,0,0,0,0,0,0,0,0,0,0,0,0,0,0,0,0,0,0,0,0,0,0,0,0,0,0,0,0,2337,2216,43,7,403,403,71,23392,0,0,0,0,0,0,0,0,0,0,0,0,0,0,0,0,0,0,0,0,0,0,0,0,0,0,0,0,0,0,0,0,0,0,0,0,0,0,0,0,0,0,0,0,0,0,0,0,0,0,0,0,0,0,0,0,0,0,0,0,0,0,0,0,2185,2076,36,5,363,363,68,22064,0,0,0,0,0,0,0,0
2012,140,28906,27054,1202,157,7232,7232,493,199456,27363,25848,919,151,5727,4014,445,190207,18839,18446,149,66,3314,3182,178,101807,620,608,10,0,106,114,2,3141,0,0,0,0,0,0,0,0,2520,2397,75,9,428,320,39,16447,132,130,0,2,14,8,0,619,304,301,1,1,39,25,1,1960,389,379,2,2,39,35,6,3881,98,98,0,0,1,2,0,170,7417,7332,6,30,1374,1618,49,23910,1057,997,29,2,690,475,29,12923,288,285,0,2,22,22,1,1235,3232,3173,8,14,199,196,37,25066,1087,1077,4,1,112,122,5,3434,1689,1663,14,3,290,245,9,9001,6,6,0,0,0,0,0,20,8524,7402,770,85,2413,832,267,88400,1418,1375,18,6,769,40,19,8235,0,0,0,0,0,0,0,0,22,20,1,0,4,6,1,361,2,2,0,0,0,0,0,29,7,7,0,0,2,0,0,51,274,250,18,3,65,25,3,2001,0,0,0,0,0,0,0,0,107,96,0,0,61,10,11,6491,3330,2716,475,16,976,401,123,34478,0,0,0,0,0,0,0,0
2012,104,7088,6574,370,53,68,68,91,40913,7088,6574,370,53,68,68,91,40913,4289,4139,73,39,32,34,38,24211,0,0,0,0,0,0,0,0,0,0,0,0,0,0,0,0,1550,1460,59,13,23,23,18,8823,0,0,0,0,0,0,0,0,0,0,0,0,0,0,0,0,0,0,0,0,0,0,0,0,0,0,0,0,0,0,0,0,1996,1982,0,8,3,5,6,6710,0,0,0,0,0,0,0,0,0,0,0,0,0,0,0,0,650,605,14,17,6,6,14,8428,93,92,0,1,0,0,0,250,0,0,0,0,0,0,0,0,0,0,0,0,0,0,0,0,2799,2435,297,14,36,34,53,16702,0,0,0,0,0,0,0,0,0,0,0,0,0,0,0,0,0,0,0,0,0,0,0,0,0,0,0,0,0,0,0,0,0,0,0,0,0,0,0,0,15,15,0,0,1,0,0,17,0,0,0,0,0,0,0,0,0,0,0,0,0,0,0,0,2061,1710,297,13,26,26,41,13683,0,0,0,0,0,0,0,0
2012,103,0,0,0,0,0,0,0,0,0,0,0,0,0,0,0,0,0,0,0,0,0,0,0,0,0,0,0,0,0,0,0,0,0,0,0,0,0,0,0,0,0,0,0,0,0,0,0,0,0,0,0,0,0,0,0,0,0,0,0,0,0,0,0,0,0,0,0,0,0,0,0,0,0,0,0,0,0,0,0,0,0,0,0,0,0,0,0,0,0,0,0,0,0,0,0,0,0,0,0,0,0,0,0,0,0,0,0,0,0,0,0,0,0,0,0,0,0,0,0,0,0,0,0,0,0,0,0,0,0,0,0,0,0,0,0,0,0,0,0,0,0,0,0,0,0,0,0,0,0,0,0,0,0,0,0,0,0,0,0,0,0,0,0,0,0,0,0,0,0,0,0,0,0,0,0,0,0,0,0,0,0,0,0,0,0,0,0,0,0,0,0,0,0,0,0,0,0,0,0,0,0,0,0,0,0,0,0,0,0,0,0,0,0,0,0,0,0,0,0,0,0,0,0,0
2012,49,1540,1321,179,7,17,17,33,16621,1540,1321,179,7,17,17,33,16621,423,389,28,2,10,7,4,5439,0,0,0,0,0,0,0,0,0,0,0,0,0,0,0,0,423,389,28,2,10,7,4,5439,0,0,0,0,0,0,0,0,0,0,0,0,0,0,0,0,0,0,0,0,0,0,0,0,0,0,0,0,0,0,0,0,0,0,0,0,0,0,0,0,0,0,0,0,0,0,0,0,0,0,0,0,0,0,0,0,0,0,0,0,0,0,0,0,0,0,0,0,0,0,0,0,0,0,0,0,0,0,0,0,0,0,0,0,0,0,0,0,1117,932,151,5,7,10,29,11182,0,0,0,0,0,0,0,0,0,0,0,0,0,0,0,0,0,0,0,0,0,0,0,0,0,0,0,0,0,0,0,0,0,0,0,0,0,0,0,0,0,0,0,0,0,0,0,0,0,0,0,0,0,0,0,0,0,0,0,0,0,0,0,0,1117,932,151,5,7,10,29,11182,0,0,0,0,0,0,0,0
2012,183,592,456,111,4,18,18,21,6512,592,456,111,4,18,18,21,6512,0,0,0,0,0,0,0,0,0,0,0,0,0,0,0,0,0,0,0,0,0,0,0,0,0,0,0,0,0,0,0,0,0,0,0,0,0,0,0,0,0,0,0,0,0,0,0,0,0,0,0,0,0,0,0,0,0,0,0,0,0,0,0,0,0,0,0,0,0,0,0,0,0,0,0,0,0,0,0,0,0,0,0,0,0,0,0,0,0,0,0,0,0,0,0,0,0,0,0,0,0,0,0,0,0,0,0,0,0,0,0,0,0,0,0,0,0,0,0,0,592,456,111,4,18,18,21,6512,0,0,0,0,0,0,0,0,0,0,0,0,0,0,0,0,0,0,0,0,0,0,0,0,0,0,0,0,0,0,0,0,0,0,0,0,0,0,0,0,0,0,0,0,0,0,0,0,0,0,0,0,0,0,0,0,0,0,0,0,0,0,0,0,592,456,111,4,18,18,21,6512,0,0,0,0,0,0,0,0
2012,127,19852,18976,595,67,2559,2559,214,97533,19389,18657,480,64,1891,740,188,88902,14569,14300,130,56,676,586,83,55674,0,0,0,0,0,0,0,0,0,0,0,0,0,0,0,0,4685,4538,106,10,394,280,31,20739,0,0,0,0,0,0,0,0,0,0,0,0,0,0,0,0,0,0,0,0,0,0,0,0,0,0,0,0,0,0,0,0,3253,3199,2,34,60,51,18,10808,0,0,0,0,0,0,0,0,422,421,1,0,7,3,0,911,2832,2793,13,8,137,153,18,12789,1097,1095,1,1,13,11,0,1978,515,505,6,3,25,13,1,2615,1765,1749,1,0,40,75,15,5834,4820,4357,350,8,1215,154,105,33228,512,500,3,1,361,18,8,2104,0,0,0,0,0,0,0,0,0,0,0,0,0,0,0,0,0,0,0,0,0,0,0,0,0,0,0,0,0,0,0,0,0,0,0,0,0,0,0,0,0,0,0,0,0,0,0,0,0,0,0,0,0,0,0,0,2338,1982,297,4,580,87,55,19048,0,0,0,0,0,0,0,0
2012,150,1639,1335,254,9,127,127,41,12413,1639,1335,254,9,127,127,41,12413,0,0,0,0,0,0,0,0,0,0,0,0,0,0,0,0,0,0,0,0,0,0,0,0,0,0,0,0,0,0,0,0,0,0,0,0,0,0,0,0,0,0,0,0,0,0,0,0,0,0,0,0,0,0,0,0,0,0,0,0,0,0,0,0,0,0,0,0,0,0,0,0,0,0,0,0,0,0,0,0,0,0,0,0,0,0,0,0,0,0,0,0,0,0,0,0,0,0,0,0,0,0,0,0,0,0,0,0,0,0,0,0,0,0,0,0,0,0,0,0,1639,1335,254,9,127,127,41,12413,0,0,0,0,0,0,0,0,0,0,0,0,0,0,0,0,0,0,0,0,0,0,0,0,0,0,0,0,0,0,0,0,0,0,0,0,0,0,0,0,0,0,0,0,0,0,0,0,0,0,0,0,0,0,0,0,0,0,0,0,0,0,0,0,1639,1335,254,9,127,127,41,12413,0,0,0,0,0,0,0,0
2012,112,241,240,0,1,21,21,0,465,241,240,0,1,21,21,0,465,241,240,0,1,21,21,0,465,0,0,0,0,0,0,0,0,0,0,0,0,0,0,0,0,78,78,0,0,2,8,0,124,0,0,0,0,0,0,0,0,0,0,0,0,0,0,0,0,0,0,0,0,0,0,0,0,0,0,0,0,0,0,0,0,6,6,0,0,0,0,0,6,0,0,0,0,0,0,0,0,16,16,0,0,0,4,0,20,140,140,0,0,19,9,0,314,0,0,0,0,0,0,0,0,1,0,0,1,0,0,0,1,0,0,0,0,0,0,0,0,0,0,0,0,0,0,0,0,0,0,0,0,0,0,0,0,0,0,0,0,0,0,0,0,0,0,0,0,0,0,0,0,0,0,0,0,0,0,0,0,0,0,0,0,0,0,0,0,0,0,0,0,0,0,0,0,0,0,0,0,0,0,0,0,0,0,0,0,0,0,0,0,0,0,0,0,0,0,0,0,0,0,0,0,0,0,0,0
2012,229,12324,11021,938,121,3414,3414,244,96727,10536,9710,535,97,3137,1291,194,83355,6197,6022,78,35,1000,273,62,37505,0,0,0,0,0,0,0,0,0,0,0,0,0,0,0,0,1955,1868,53,1,573,89,33,17341,0,0,0,0,0,0,0,0,0,0,0,0,0,0,0,0,126,122,3,0,27,21,1,1942,0,0,0,0,0,0,0,0,2441,2396,4,31,44,39,10,8131,0,0,0,0,0,0,0,0,25,25,0,0,1,3,0,38,842,817,9,1,244,27,15,5613,163,162,0,0,7,6,1,384,645,632,9,2,104,88,2,4056,0,0,0,0,0,0,0,0,4339,3688,457,62,2137,1018,132,45850,775,743,14,3,553,387,15,4621,0,0,0,0,0,0,0,0,0,0,0,0,0,0,0,0,0,0,0,0,0,0,0,0,0,0,0,0,0,0,0,0,0,0,0,0,0,0,0,0,0,0,0,0,0,0,0,0,0,0,0,0,0,0,0,0,1483,1123,286,8,937,185,66,21877,0,0,0,0,0,0,0,0
2012,206,215,131,64,2,14,14,18,6556,215,131,64,2,14,14,18,6556,0,0,0,0,0,0,0,0,0,0,0,0,0,0,0,0,0,0,0,0,0,0,0,0,0,0,0,0,0,0,0,0,0,0,0,0,0,0,0,0,0,0,0,0,0,0,0,0,0,0,0,0,0,0,0,0,0,0,0,0,0,0,0,0,0,0,0,0,0,0,0,0,0,0,0,0,0,0,0,0,0,0,0,0,0,0,0,0,0,0,0,0,0,0,0,0,0,0,0,0,0,0,0,0,0,0,0,0,0,0,0,0,0,0,0,0,0,0,0,0,215,131,64,2,14,14,18,6556,0,0,0,0,0,0,0,0,0,0,0,0,0,0,0,0,0,0,0,0,0,0,0,0,0,0,0,0,0,0,0,0,0,0,0,0,0,0,0,0,0,0,0,0,0,0,0,0,0,0,0,0,0,0,0,0,0,0,0,0,0,0,0,0,215,131,64,2,14,14,18,6556,0,0,0,0,0,0,0,0
2012,201,14525,13355,766,35,0,0,369,112386,13995,12980,622,33,0,0,360,107983,6966,6808,55,5,0,0,98,35804,0,0,0,0,0,0,0,0,0,0,0,0,0,0,0,0,0,0,0,0,0,0,0,0,0,0,0,0,0,0,0,0,0,0,0,0,0,0,0,0,0,0,0,0,0,0,0,0,0,0,0,0,0,0,0,0,3328,3286,0,3,0,0,39,9650,0,0,0,0,0,0,0,0,0,0,0,0,0,0,0,0,0,0,0,0,0,0,0,0,0,0,0,0,0,0,0,0,0,0,0,0,0,0,0,0,3638,3522,55,2,0,0,59,26154,7029,6172,567,28,0,0,262,72179,0,0,0,0,0,0,0,0,0,0,0,0,0,0,0,0,0,0,0,0,0,0,0,0,181,158,13,2,0,0,8,569,0,0,0,0,0,0,0,0,0,0,0,0,0,0,0,0,0,0,0,0,0,0,0,0,0,0,0,0,0,0,0,0,0,0,0,0,0,0,0,0,0,0,0,0,0,0,0,0
2012,65,9944,9022,709,64,1957,1957,149,72453,9823,8983,634,64,1460,1399,142,69637,4644,4446,104,39,493,489,55,29823,0,0,0,0,0,0,0,0,0,0,0,0,0,0,0,0,1931,1832,70,2,438,437,27,13556,0,0,0,0,0,0,0,0,0,0,0,0,0,0,0,0,0,0,0,0,0,0,0,0,0,0,0,0,0,0,0,0,855,815,0,35,3,2,5,2765,0,0,0,0,0,0,0,0,54,50,3,0,2,16,1,443,1081,1050,13,1,18,8,17,8670,259,250,7,1,11,20,1,876,464,449,11,0,21,6,4,3513,0,0,0,0,0,0,0,0,5179,4537,530,25,967,910,87,39814,665,645,10,5,205,23,5,3437,0,0,0,0,0,0,0,0,17,17,0,0,3,1,0,150,0,0,0,0,0,0,0,0,0,0,0,0,0,0,0,0,395,353,36,1,33,29,5,3329,0,0,0,0,0,0,0,0,0,0,0,0,0,0,0,0,1724,1295,381,2,374,77,46,17906,0,0,0,0,0,0,0,0
2012,106,11718,10524,917,71,4881,4881,206,71903,11451,10283,896,71,4663,4663,201,70000,5474,5247,111,35,955,955,81,29731,0,0,0,0,0,0,0,0,0,0,0,0,0,0,0,0,1782,1666,69,10,456,456,37,12714,0,0,0,0,0,0,0,0,0,0,0,0,0,0,0,0,0,0,0,0,0,0,0,0,0,0,0,0,0,0,0,0,1683,1642,6,21,192,192,14,5935,0,0,0,0,0,0,0,0,0,0,0,0,0,0,0,0,1534,1469,35,4,218,218,26,9107,226,226,0,0,0,0,0,588,249,244,1,0,89,89,4,1387,0,0,0,0,0,0,0,0,5977,5036,785,36,3708,3708,120,40269,660,614,27,2,487,487,17,4342,0,0,0,0,0,0,0,0,0,0,0,0,0,0,0,0,0,0,0,0,0,0,0,0,0,0,0,0,0,0,0,0,0,0,0,0,0,0,0,0,0,0,0,0,0,0,0,0,0,0,0,0,0,0,0,0,3542,2665,758,33,2680,2680,86,30135,0,0,0,0,0,0,0,0
2012,159,44407,42051,1641,0,10597,10597,715,331310,43226,41356,1225,0,7853,5503,645,302128,28152,27593,271,0,3880,3014,288,159876,1661,1610,25,0,241,246,26,13646,1712,1623,55,0,348,129,34,16394,5723,5562,98,0,1295,1233,63,32322,0,0,0,0,0,0,0,0,820,815,0,0,369,37,5,5064,1485,1462,4,0,155,98,19,9826,46,46,0,0,2,4,0,114,6473,6439,9,0,84,338,25,21672,1422,1365,25,0,704,446,32,14469,1145,1141,0,0,13,18,4,4749,2967,2908,16,0,359,217,43,20352,1479,1466,3,0,83,59,10,3297,2873,2822,32,0,201,170,19,13960,346,334,4,0,26,19,8,4011,15074,13763,954,0,3973,2489,357,142252,1954,1933,6,0,662,215,15,7212,161,159,0,0,30,25,2,708,111,107,1,0,5,10,3,1301,409,377,14,0,87,45,18,6718,279,274,1,0,27,9,4,1974,530,512,11,0,49,33,7,3842,464,392,47,0,44,35,25,9837,0,0,0,0,0,0,0,0,6238,5433,619,0,2197,1760,186,64053,0,0,0,0,0,0,0,0
2012,209,952,889,36,0,2,2,27,19687,700,637,36,0,2,2,27,12148,0,0,0,0,0,0,0,0,0,0,0,0,0,0,0,0,0,0,0,0,0,0,0,0,0,0,0,0,0,0,0,0,0,0,0,0,0,0,0,0,0,0,0,0,0,0,0,0,0,0,0,0,0,0,0,0,0,0,0,0,0,0,0,0,0,0,0,0,0,0,0,0,0,0,0,0,0,0,0,0,0,0,0,0,0,0,0,0,0,0,0,0,0,0,0,0,0,0,0,0,0,0,0,0,0,0,0,0,0,0,0,0,0,0,0,0,0,0,0,0,700,637,36,0,2,2,27,12148,0,0,0,0,0,0,0,0,0,0,0,0,0,0,0,0,0,0,0,0,0,0,0,0,0,0,0,0,0,0,0,0,0,0,0,0,0,0,0,0,0,0,0,0,0,0,0,0,0,0,0,0,0,0,0,0,118,106,0,0,1,0,12,3580,311,275,36,0,0,2,0,2391,0,0,0,0,0,0,0,0
2012,115,20890,19843,954,93,2879,2879,0,213117,20840,19831,916,93,2765,2765,0,211188,10278,10048,183,47,289,289,0,141123,0,0,0,0,0,0,0,0,0,0,0,0,0,0,0,0,3501,3344,149,8,150,150,0,19903,0,0,0,0,0,0,0,0,0,0,0,0,0,0,0,0,0,0,0,0,0,0,0,0,0,0,0,0,0,0,0,0,2772,2734,8,30,12,12,0,101075,83,83,0,0,83,83,0,213,286,286,0,0,3,3,0,406,2930,2900,21,9,20,20,0,15845,240,240,0,0,3,3,0,494,466,461,5,0,18,18,0,3187,0,0,0,0,0,0,0,0,10562,9783,733,46,2476,2476,0,70065,1379,1342,35,2,217,217,0,5557,0,0,0,0,0,0,0,0,95,93,2,0,31,31,0,742,0,0,0,0,0,0,0,0,0,0,0,0,0,0,0,0,770,741,27,2,28,28,0,4211,0,0,0,0,0,0,0,0,0,0,0,0,0,0,0,0,3471,3042,423,6,121,121,0,31385,0,0,0,0,0,0,0,0
2012,189,1684,1508,176,0,1215,1215,0,15286,1684,1508,176,0,1215,1215,0,15286,460,439,21,0,83,83,0,3430,0,0,0,0,0,0,0,0,0,0,0,0,0,0,0,0,460,439,21,0,83,83,0,3430,0,0,0,0,0,0,0,0,0,0,0,0,0,0,0,0,0,0,0,0,0,0,0,0,0,0,0,0,0,0,0,0,0,0,0,0,0,0,0,0,0,0,0,0,0,0,0,0,0,0,0,0,0,0,0,0,0,0,0,0,0,0,0,0,0,0,0,0,0,0,0,0,0,0,0,0,0,0,0,0,0,0,0,0,0,0,0,0,1224,1069,155,0,1132,1132,0,11856,0,0,0,0,0,0,0,0,0,0,0,0,0,0,0,0,0,0,0,0,0,0,0,0,0,0,0,0,0,0,0,0,0,0,0,0,0,0,0,0,0,0,0,0,0,0,0,0,0,0,0,0,0,0,0,0,0,0,0,0,0,0,0,0,649,543,106,0,546,546,0,8530,0,0,0,0,0,0,0,0
2012,204,417,254,139,0,2,2,24,8699,293,244,41,0,2,2,8,2792,67,66,1,0,1,1,0,451,0,0,0,0,0,0,0,0,0,0,0,0,0,0,0,0,30,30,0,0,1,1,0,117,0,0,0,0,0,0,0,0,0,0,0,0,0,0,0,0,0,0,0,0,0,0,0,0,0,0,0,0,0,0,0,0,0,0,0,0,0,0,0,0,0,0,0,0,0,0,0,0,0,0,0,0,0,0,0,0,37,36,1,0,0,0,0,334,0,0,0,0,0,0,0,0,0,0,0,0,0,0,0,0,0,0,0,0,0,0,0,0,226,178,40,0,1,1,8,2341,0,0,0,0,0,0,0,0,0,0,0,0,0,0,0,0,0,0,0,0,0,0,0,0,0,0,0,0,0,0,0,0,0,0,0,0,0,0,0,0,0,0,0,0,0,0,0,0,0,0,0,0,0,0,0,0,0,0,0,0,0,0,0,0,226,178,40,0,1,1,8,2341,0,0,0,0,0,0,0,0
2012,199,22869,21059,1307,92,3403,3403,411,182653,22565,20861,1217,92,2753,2238,395,176865,11125,10686,257,51,1212,1128,131,58753,240,235,2,1,37,27,2,2605,0,0,0,0,0,0,0,0,3960,3755,144,17,717,617,44,8027,0,0,0,0,0,0,0,0,0,0,0,0,0,0,0,0,0,0,0,0,0,0,0,0,0,0,0,0,0,0,0,0,3293,3220,29,22,130,124,22,13659,293,265,16,1,24,31,11,3149,374,364,8,1,4,71,1,1425,2253,2174,39,3,201,158,37,22235,221,206,9,2,61,75,4,1922,491,467,10,4,38,25,10,5731,0,0,0,0,0,0,0,0,11440,10175,960,41,1541,1110,264,118112,1401,1328,45,3,418,50,25,28030,0,0,0,0,0,0,0,0,0,0,0,0,0,0,0,0,0,0,0,0,0,0,0,0,0,0,0,0,0,0,0,0,324,299,18,1,15,18,6,2184,108,83,21,2,21,3,2,1035,81,73,0,0,57,19,8,2812,6378,5411,813,12,215,359,142,51985,0,0,0,0,0,0,0,0
2012,57,7778,7121,356,167,642,642,134,55356,7717,7110,310,166,639,538,131,53699,4430,4200,84,83,263,348,63,24180,0,0,0,0,0,0,0,0,0,0,0,0,0,0,0,0,1863,1741,64,23,211,240,35,13266,0,0,0,0,0,0,0,0,0,0,0,0,0,0,0,0,0,0,0,0,0,0,0,0,9,9,0,0,0,1,0,50,1001,964,0,36,8,7,1,2677,0,0,0,0,0,0,0,0,0,0,0,0,0,0,0,0,1201,1147,16,20,44,76,18,6044,0,0,0,0,0,0,0,0,356,339,4,4,0,24,9,2143,0,0,0,0,0,0,0,0,3287,2910,226,83,376,190,68,29519,0,0,0,0,0,0,0,0,0,0,0,0,0,0,0,0,0,0,0,0,0,0,0,0,0,0,0,0,0,0,0,0,0,0,0,0,0,0,0,0,0,0,0,0,0,0,0,0,0,0,0,0,0,0,0,0,0,0,0,0,0,0,0,0,2523,2231,225,14,190,153,53,21052,0,0,0,0,0,0,0,0
2012,148,2265,2071,116,24,142,142,54,24293,2029,1851,115,24,142,142,39,18646,1199,1171,3,17,49,49,8,7653,0,0,0,0,0,0,0,0,0,0,0,0,0,0,0,0,0,0,0,0,0,0,0,0,0,0,0,0,0,0,0,0,0,0,0,0,0,0,0,0,0,0,0,0,0,0,0,0,0,0,0,0,0,0,0,0,0,0,0,0,0,0,0,0,0,0,0,0,0,0,0,0,0,0,0,0,0,0,0,0,1199,1171,3,17,49,49,8,7653,0,0,0,0,0,0,0,0,0,0,0,0,0,0,0,0,0,0,0,0,0,0,0,0,830,680,112,7,93,93,31,10993,0,0,0,0,0,0,0,0,0,0,0,0,0,0,0,0,0,0,0,0,0,0,0,0,0,0,0,0,0,0,0,0,0,0,0,0,0,0,0,0,0,0,0,0,0,0,0,0,0,0,0,0,0,0,0,0,0,0,0,0,0,0,0,0,830,680,112,7,93,93,31,10993,0,0,0,0,0,0,0,0
2012,124,3329,2962,272,34,293,293,61,27126,3329,2962,272,34,293,293,61,27126,1372,1281,55,13,221,221,23,10151,0,0,0,0,0,0,0,0,0,0,0,0,0,0,0,0,842,757,52,11,211,211,22,8469,0,0,0,0,0,0,0,0,0,0,0,0,0,0,0,0,0,0,0,0,0,0,0,0,0,0,0,0,0,0,0,0,121,121,0,0,4,4,0,418,0,0,0,0,0,0,0,0,50,50,0,0,0,0,0,149,0,0,0,0,0,0,0,0,359,353,3,2,6,6,1,1115,0,0,0,0,0,0,0,0,0,0,0,0,0,0,0,0,1957,1681,217,21,72,72,38,16975,62,62,0,0,1,1,0,288,0,0,0,0,0,0,0,0,0,0,0,0,0,0,0,0,0,0,0,0,0,0,0,0,0,0,0,0,0,0,0,0,0,0,0,0,0,0,0,0,0,0,0,0,0,0,0,0,0,0,0,0,0,0,0,0,1272,1028,201,12,36,36,31,12942,0,0,0,0,0,0,0,0
2012,60,,,,,,,,,,,,,,,,,,,,,,,,,,,,,,,,,,,,,,,,,,,,,,,,,,,,,,,,,1105,1101,0,0,65,63,4,4439,620,607,1,1,75,61,11,3742,0,0,0,0,0,0,0,0,9589,9358,54,48,64,48,129,41483,2330,2139,115,6,331,330,70,24208,1201,1191,2,2,61,64,6,3701,5377,5151,74,11,502,487,141,57016,2410,2367,13,10,21,23,20,9369,3342,3200,74,4,482,458,64,21921,0,0,0,0,0,0,0,0,29802,26518,2207,128,3281,3456,949,348510,5251,4993,164,6,489,574,88,26468,0,0,0,0,0,0,0,0,550,515,16,1,39,33,18,6001,871,765,63,9,96,68,34,12271,699,683,6,1,129,92,9,5141,2118,1935,129,5,161,233,49,17378,1058,906,118,2,119,124,32,13498,0,0,0,0,0,0,0,0,8546,7145,1142,23,1476,1654,236,70351,119,119,0,0,3,1,0,242
2012,24,,,,,,,,,,,,,,,,,,,,,,,,,,,,,,,,,,,,,,,,,,,,,,,,,,,,,,,,,0,0,0,0,0,0,0,0,0,0,0,0,0,0,0,0,0,0,0,0,0,0,0,0,0,0,0,0,0,0,0,0,0,0,0,0,0,0,0,0,0,0,0,0,0,0,0,0,0,0,0,0,0,0,0,0,0,0,0,0,0,0,0,0,0,0,0,0,0,0,0,0,0,0,0,0,0,0,0,0,0,0,0,0,0,0,0,0,0,0,0,0,0,0,0,0,0,0,0,0,0,0,0,0,0,0,0,0,0,0,0,0,0,0,0,0,0,0,0,0,0,0,0,0,0,0,0,0,0,0,0,0,0,0,0,0,0,0,0,0,0,0,0,0,0,0,0,0,0,0,0,0,0,0,0,0,0,0,0,0,0,0,0,0,0,0,0,0
2012,5,,,,,,,,,,,,,,,,,,,,,,,,,,,,,,,,,,,,,,,,,,,,,,,,,,,,,,,,,0,0,0,0,0,0,0,0,0,0,0,0,0,0,0,0,0,0,0,0,0,0,0,0,0,0,0,0,0,0,0,0,0,0,0,0,0,0,0,0,0,0,0,0,0,0,0,0,0,0,0,0,0,0,0,0,0,0,0,0,0,0,0,0,0,0,0,0,0,0,0,0,0,0,0,0,0,0,0,0,0,0,0,0,0,0,0,0,0,0,0,0,0,0,0,0,0,0,0,0,0,0,0,0,0,0,0,0,0,0,0,0,0,0,0,0,0,0,0,0,0,0,0,0,0,0,0,0,0,0,0,0,0,0,0,0,0,0,0,0,0,0,0,0,0,0,0,0,0,0,0,0,0,0,0,0,0,0,0,0,0,0,0,0,0,0,0,0
2012,1,,,,,,,,,,,,,,,,,,,,,,,,,,,,,,,,,,,,,,,,,,,,,,,,,,,,,,,,,0,0,0,0,0,0,0,0,0,0,0,0,0,0,0,0,0,0,0,0,0,0,0,0,0,0,0,0,0,0,0,0,0,0,0,0,0,0,0,0,0,0,0,0,0,0,0,0,0,0,0,0,0,0,0,0,0,0,0,0,0,0,0,0,0,0,0,0,0,0,0,0,0,0,0,0,0,0,0,0,0,0,0,0,0,0,0,0,0,0,0,0,0,0,0,0,0,0,0,0,0,0,0,0,0,0,0,0,0,0,0,0,0,0,0,0,0,0,0,0,0,0,0,0,0,0,0,0,0,0,0,0,0,0,0,0,0,0,0,0,0,0,0,0,0,0,0,0,0,0,0,0,0,0,0,0,0,0,0,0,0,0,0,0,0,0,0,0
2012,62,,,,,,,,,,,,,,,,,,,,,,,,,,,,,,,,,,,,,,,,,,,,,,,,,,,,,,,,,0,0,0,0,0,0,0,0,0,0,0,0,0,0,0,0,0,0,0,0,0,0,0,0,0,0,0,0,0,0,0,0,0,0,0,0,0,0,0,0,0,0,0,0,0,0,0,0,0,0,0,0,0,0,0,0,0,0,0,0,0,0,0,0,0,0,0,0,0,0,0,0,0,0,0,0,0,0,0,0,0,0,0,0,0,0,0,0,0,0,0,0,0,0,0,0,0,0,0,0,0,0,0,0,0,0,0,0,0,0,0,0,0,0,0,0,0,0,0,0,0,0,0,0,0,0,0,0,0,0,0,0,0,0,0,0,0,0,0,0,0,0,0,0,0,0,0,0,0,0,0,0,0,0,0,0,0,0,0,0,0,0,0,0,0,0,0,0
2012,216,,,,,,,,,,,,,,,,,,,,,,,,,,,,,,,,,,,,,,,,,,,,,,,,,,,,,,,,,0,0,0,0,0,0,0,0,0,0,0,0,0,0,0,0,0,0,0,0,0,0,0,0,0,0,0,0,0,0,0,0,0,0,0,0,0,0,0,0,0,0,0,0,0,0,0,0,0,0,0,0,0,0,0,0,0,0,0,0,0,0,0,0,0,0,0,0,0,0,0,0,0,0,0,0,0,0,0,0,0,0,0,0,0,0,0,0,0,0,0,0,0,0,0,0,0,0,0,0,0,0,0,0,0,0,0,0,0,0,0,0,0,0,0,0,0,0,0,0,0,0,0,0,0,0,0,0,0,0,0,0,0,0,0,0,0,0,0,0,0,0,0,0,0,0,0,0,0,0,0,0,0,0,0,0,0,0,0,0,0,0,0,0,0,0,0,0
2012,192,15434,14343,696,122,648,648,273,108726,14840,13838,635,116,526,228,251,101751,8402,8106,133,67,98,98,96,46492,0,0,0,0,0,0,0,0,0,0,0,0,0,0,0,0,2756,2613,100,10,55,66,33,18670,0,0,0,0,0,0,0,0,0,0,0,0,0,0,0,0,0,0,0,0,0,0,0,0,30,29,0,1,0,0,0,53,2611,2546,2,48,11,11,15,8955,0,0,0,0,0,0,0,0,36,35,0,1,0,0,0,108,1893,1834,18,6,18,10,35,12889,426,425,1,0,2,1,0,928,650,624,12,1,12,10,13,4889,0,0,0,0,0,0,0,0,6438,5732,502,49,428,130,155,55259,663,642,6,4,298,40,11,3382,0,0,0,0,0,0,0,0,3,3,0,0,1,0,0,26,234,217,9,4,15,12,4,2340,21,20,1,0,9,2,0,590,2,2,0,0,0,1,0,3,0,0,0,0,0,0,0,0,0,0,0,0,0,0,0,0,3503,2954,459,20,43,59,70,30456,0,0,0,0,0,0,0,0
2012,88,2357,2067,209,15,17,17,66,23213,2357,2067,209,15,17,17,66,23213,899,863,15,3,6,4,18,8881,0,0,0,0,0,0,0,0,0,0,0,0,0,0,0,0,248,240,8,0,3,4,0,1825,0,0,0,0,0,0,0,0,0,0,0,0,0,0,0,0,0,0,0,0,0,0,0,0,0,0,0,0,0,0,0,0,0,0,0,0,0,0,0,0,0,0,0,0,0,0,0,0,1,1,0,0,1,0,0,4,650,622,7,3,2,0,18,7052,0,0,0,0,0,0,0,0,0,0,0,0,0,0,0,0,0,0,0,0,0,0,0,0,1458,1204,194,12,11,13,48,14332,44,41,3,0,7,2,0,276,0,0,0,0,0,0,0,0,0,0,0,0,0,0,0,0,0,0,0,0,0,0,0,0,0,0,0,0,0,0,0,0,0,0,0,0,0,0,0,0,0,0,0,0,0,0,0,0,2,1,1,0,0,0,0,17,1412,1162,190,12,4,11,48,14039,0,0,0,0,0,0,0,0
2012,118,809,701,82,1,2,2,25,7617,809,701,82,1,2,2,25,7617,202,201,1,0,0,2,0,638,0,0,0,0,0,0,0,0,0,0,0,0,0,0,0,0,141,140,1,0,0,1,0,448,0,0,0,0,0,0,0,0,0,0,0,0,0,0,0,0,0,0,0,0,0,0,0,0,0,0,0,0,0,0,0,0,25,25,0,0,0,0,0,40,0,0,0,0,0,0,0,0,0,0,0,0,0,0,0,0,34,34,0,0,0,1,0,148,2,2,0,0,0,0,0,2,0,0,0,0,0,0,0,0,0,0,0,0,0,0,0,0,607,500,81,1,2,0,25,6979,0,0,0,0,0,0,0,0,0,0,0,0,0,0,0,0,0,0,0,0,0,0,0,0,0,0,0,0,0,0,0,0,0,0,0,0,0,0,0,0,0,0,0,0,0,0,0,0,0,0,0,0,0,0,0,0,0,0,0,0,0,0,0,0,607,500,81,1,2,0,25,6979,0,0,0,0,0,0,0,0
2012,203,14741,13756,675,17,2187,2187,293,116343,14067,13276,522,15,1416,943,254,106602,10803,10309,274,10,774,683,210,84167,370,337,26,1,60,59,6,3073,225,218,2,1,128,117,4,1894,2474,2285,116,1,329,296,72,24808,0,0,0,0,0,0,0,0,359,357,0,0,7,2,2,1443,232,228,2,0,8,4,2,1619,60,59,0,0,0,2,1,102,3106,3061,14,1,30,26,30,12223,528,474,29,2,90,52,23,10098,78,78,0,0,0,2,0,310,1247,1162,28,2,71,72,55,17792,940,913,25,1,22,26,1,4642,848,813,23,1,25,20,11,4727,336,324,9,0,4,5,3,1436,3264,2967,248,5,642,260,44,22435,1069,1038,20,2,457,102,9,4135,0,0,0,0,0,0,0,0,0,0,0,0,0,0,0,0,0,0,0,0,0,0,0,0,0,0,0,0,0,0,0,0,593,541,44,2,25,44,6,4590,542,381,153,0,73,56,8,4976,0,0,0,0,0,0,0,0,0,0,0,0,0,0,0,0,0,0,0,0,0,0,0,0
2012,205,5254,4554,567,17,352,352,116,46240,5040,4358,558,17,274,137,107,43944,0,0,0,0,0,0,0,0,0,0,0,0,0,0,0,0,0,0,0,0,0,0,0,0,0,0,0,0,0,0,0,0,0,0,0,0,0,0,0,0,0,0,0,0,0,0,0,0,0,0,0,0,0,0,0,0,0,0,0,0,0,0,0,0,0,0,0,0,0,0,0,0,0,0,0,0,0,0,0,0,0,0,0,0,0,0,0,0,0,0,0,0,0,0,0,0,0,0,0,0,0,0,0,0,0,0,0,0,0,0,0,0,0,0,0,0,0,0,0,0,5040,4358,558,17,274,137,107,43944,0,0,0,0,0,0,0,0,0,0,0,0,0,0,0,0,85,83,1,0,22,9,1,1525,146,138,3,3,11,4,2,1141,50,49,0,0,5,7,1,757,0,0,0,0,0,0,0,0,0,0,0,0,0,0,0,0,0,0,0,0,0,0,0,0,4421,3800,517,11,214,104,93,36532,0,0,0,0,0,0,0,0
2012,131,532,235,96,0,0,0,201,68566,354,95,76,0,0,0,183,61515,0,0,0,0,0,0,0,0,0,0,0,0,0,0,0,0,0,0,0,0,0,0,0,0,0,0,0,0,0,0,0,0,0,0,0,0,0,0,0,0,0,0,0,0,0,0,0,0,0,0,0,0,0,0,0,0,0,0,0,0,0,0,0,0,0,0,0,0,0,0,0,0,0,0,0,0,0,0,0,0,0,0,0,0,0,0,0,0,0,0,0,0,0,0,0,0,0,0,0,0,0,0,0,0,0,0,0,0,0,0,0,0,0,0,0,0,0,0,0,0,354,95,76,0,0,0,183,61515,0,0,0,0,0,0,0,0,0,0,0,0,0,0,0,0,0,0,0,0,0,0,0,0,0,0,0,0,0,0,0,0,0,0,0,0,0,0,0,0,0,0,0,0,0,0,0,0,0,0,0,0,0,0,0,0,0,0,0,0,0,0,0,0,0,0,0,0,0,0,0,0,0,0,0,0,0,0,0,0
2012,41,3642,3496,112,0,175,175,34,20754,3616,3484,100,0,155,119,32,20320,1813,1791,8,0,42,35,14,10347,0,0,0,0,0,0,0,0,0,0,0,0,0,0,0,0,527,516,5,0,28,23,6,4563,0,0,0,0,0,0,0,0,0,0,0,0,0,0,0,0,0,0,0,0,0,0,0,0,18,18,0,0,0,0,0,30,493,489,0,0,2,1,4,1859,0,0,0,0,0,0,0,0,160,160,0,0,0,1,0,385,327,323,1,0,1,3,3,2064,103,101,2,0,0,1,0,409,185,184,0,0,11,6,1,1037,0,0,0,0,0,0,0,0,1803,1693,92,0,113,84,18,9973,110,105,4,0,21,6,1,562,0,0,0,0,0,0,0,0,0,0,0,0,0,0,0,0,0,0,0,0,0,0,0,0,0,0,0,0,0,0,0,0,628,623,4,0,24,25,1,2066,6,5,1,0,0,2,0,29,0,0,0,0,0,0,0,0,559,509,41,0,41,45,9,4512,0,0,0,0,0,0,0,0
2012,169,14890,14087,546,23,826,826,234,90254,14681,13950,487,23,590,530,221,87592,7281,7154,55,9,280,241,63,34263,379,358,14,0,33,33,7,2678,0,0,0,0,0,0,0,0,1620,1583,18,0,74,50,19,8605,66,66,0,0,0,2,0,154,0,0,0,0,0,0,0,0,284,277,1,0,2,2,6,1201,6,6,0,0,2,0,0,20,2492,2476,0,7,90,89,9,6991,270,253,11,0,38,16,6,3260,415,414,0,1,0,2,0,701,685,666,5,1,17,13,13,5391,521,520,1,0,4,10,0,1691,543,535,5,0,20,24,3,3571,0,0,0,0,0,0,0,0,7400,6796,432,14,310,289,158,53329,1216,1176,22,3,21,29,15,4418,0,0,0,0,0,0,0,0,18,16,0,0,4,0,2,156,61,57,1,2,19,12,1,1042,22,22,0,0,4,1,0,151,450,424,15,2,17,29,9,2481,87,71,14,0,19,8,2,1143,0,0,0,0,0,0,0,0,1919,1656,192,5,91,96,66,20216,0,0,0,0,0,0,0,0
2012,225,6724,6330,287,0,572,572,107,45662,0,0,0,0,0,0,0,0,0,0,0,0,0,0,0,0,0,0,0,0,0,0,0,0,0,0,0,0,0,0,0,0,0,0,0,0,0,0,0,0,0,0,0,0,0,0,0,0,0,0,0,0,0,0,0,0,0,0,0,0,0,0,0,0,0,0,0,0,0,0,0,0,0,0,0,0,0,0,0,0,0,0,0,0,0,0,0,0,0,0,0,0,0,0,0,0,0,0,0,0,0,0,0,0,0,0,0,0,0,0,0,0,0,0,0,0,0,0,0,0,0,0,0,0,0,0,0,0,0,0,0,0,0,0,0,0,0,0,0,0,0,0,0,0,0,0,0,0,0,0,0,0,0,0,0,0,0,0,0,0,0,0,0,0,0,0,0,0,0,0,0,0,0,0,0,0,0,0,0,0,0,0,0,0,0,0,0,0,0,0,0,0,0,0,0,0,0,0,0,0,0,0,0,0,0,0,0,0,0,0,0,0,0,0,0,0
2012,29,88,88,0,0,0,0,0,206,88,88,0,0,0,0,0,206,88,88,0,0,0,0,0,206,0,0,0,0,0,0,0,0,0,0,0,0,0,0,0,0,0,0,0,0,0,0,0,0,0,0,0,0,0,0,0,0,0,0,0,0,0,0,0,0,0,0,0,0,0,0,0,0,0,0,0,0,0,0,0,0,0,0,0,0,0,0,0,0,0,0,0,0,0,0,0,0,88,88,0,0,0,0,0,206,0,0,0,0,0,0,0,0,0,0,0,0,0,0,0,0,0,0,0,0,0,0,0,0,0,0,0,0,0,0,0,0,0,0,0,0,0,0,0,0,0,0,0,0,0,0,0,0,0,0,0,0,0,0,0,0,0,0,0,0,0,0,0,0,0,0,0,0,0,0,0,0,0,0,0,0,0,0,0,0,0,0,0,0,0,0,0,0,0,0,0,0,0,0,0,0,0,0,0,0,0,0,0,0,0,0,0,0,0,0,0,0,0,0,0,0,0,0,0,0
2012,3,956,803,28,0,0,0,125,33709,956,803,28,0,0,0,125,33709,297,269,1,0,0,0,27,6572,0,0,0,0,0,0,0,0,0,0,0,0,0,0,0,0,193,165,1,0,0,0,27,3432,0,0,0,0,0,0,0,0,0,0,0,0,0,0,0,0,6,6,0,0,0,0,0,167,28,28,0,0,0,0,0,534,0,0,0,0,0,0,0,0,0,0,0,0,0,0,0,0,0,0,0,0,0,0,0,0,70,70,0,0,0,0,0,2439,0,0,0,0,0,0,0,0,0,0,0,0,0,0,0,0,0,0,0,0,0,0,0,0,659,534,27,0,0,0,98,27137,0,0,0,0,0,0,0,0,0,0,0,0,0,0,0,0,0,0,0,0,0,0,0,0,114,104,10,0,0,0,0,5566,0,0,0,0,0,0,0,0,50,49,1,0,0,0,0,893,0,0,0,0,0,0,0,0,0,0,0,0,0,0,0,0,213,146,12,0,0,0,55,9341,0,0,0,0,0,0,0,0
2012,67,199,190,3,0,0,0,6,3165,199,190,3,0,0,0,6,3165,105,102,0,0,0,0,3,1302,9,9,0,0,0,0,0,9,0,0,0,0,0,0,0,0,77,76,0,0,0,0,1,643,0,0,0,0,0,0,0,0,0,0,0,0,0,0,0,0,0,0,0,0,0,0,0,0,0,0,0,0,0,0,0,0,0,0,0,0,0,0,0,0,0,0,0,0,0,0,0,0,0,0,0,0,0,0,0,0,19,17,0,0,0,0,2,650,0,0,0,0,0,0,0,0,0,0,0,0,0,0,0,0,0,0,0,0,0,0,0,0,94,88,3,0,0,0,3,1863,0,0,0,0,0,0,0,0,0,0,0,0,0,0,0,0,0,0,0,0,0,0,0,0,0,0,0,0,0,0,0,0,0,0,0,0,0,0,0,0,0,0,0,0,0,0,0,0,0,0,0,0,0,0,0,0,0,0,0,0,0,0,0,0,63,59,3,0,0,0,1,1140,0,0,0,0,0,0,0,0
2012,44,79,79,0,0,0,0,0,1011,79,79,0,0,0,0,0,1011,35,35,0,0,0,0,0,401,0,0,0,0,0,0,0,0,0,0,0,0,0,0,0,0,18,18,0,0,0,0,0,170,0,0,0,0,0,0,0,0,0,0,0,0,0,0,0,0,0,0,0,0,0,0,0,0,0,0,0,0,0,0,0,0,0,0,0,0,0,0,0,0,0,0,0,0,0,0,0,0,0,0,0,0,0,0,0,0,17,17,0,0,0,0,0,231,0,0,0,0,0,0,0,0,0,0,0,0,0,0,0,0,0,0,0,0,0,0,0,0,44,44,0,0,0,0,0,610,0,0,0,0,0,0,0,0,0,0,0,0,0,0,0,0,0,0,0,0,0,0,0,0,0,0,0,0,0,0,0,0,0,0,0,0,0,0,0,0,0,0,0,0,0,0,0,0,0,0,0,0,0,0,0,0,0,0,0,0,0,0,0,0,0,0,0,0,0,0,0,0,0,0,0,0,0,0,0,0
2012,196,1525,1457,36,0,70,70,32,15117,1499,1431,36,0,36,36,32,14793,890,886,0,0,17,14,4,4684,0,0,0,0,0,0,0,0,0,0,0,0,0,0,0,0,342,340,0,0,0,1,2,2333,0,0,0,0,0,0,0,0,0,0,0,0,0,0,0,0,178,176,0,0,0,0,2,1091,1,1,0,0,0,0,0,5,76,76,0,0,2,2,0,272,0,0,0,0,0,0,0,0,30,30,0,0,0,3,0,121,0,0,0,0,0,0,0,0,263,263,0,0,15,8,0,862,0,0,0,0,0,0,0,0,0,0,0,0,0,0,0,0,609,545,36,0,19,22,28,10109,12,10,1,0,1,0,1,197,0,0,0,0,0,0,0,0,0,0,0,0,0,0,0,0,0,0,0,0,0,0,0,0,0,0,0,0,0,0,0,0,105,95,6,0,0,0,4,1170,0,0,0,0,0,0,0,0,6,5,0,0,0,1,1,298,157,135,13,0,12,13,9,4022,0,0,0,0,0,0,0,0
2012,61,2664,2502,116,0,2022,2022,46,26906,2599,2472,85,0,1385,1437,42,24677,1328,1310,7,0,772,495,11,10120,0,0,0,0,0,0,0,0,0,0,0,0,0,0,0,0,607,601,4,0,379,231,2,4812,0,0,0,0,0,0,0,0,0,0,0,0,0,0,0,0,0,0,0,0,0,0,0,0,0,0,0,0,0,0,0,0,0,0,0,0,0,0,0,0,0,0,0,0,0,0,0,0,0,0,0,0,0,0,0,0,393,390,0,0,159,101,3,2538,0,0,0,0,0,0,0,0,328,319,3,0,234,163,6,2770,0,0,0,0,0,0,0,0,1271,1162,78,0,613,942,31,14557,0,0,0,0,0,0,0,0,0,0,0,0,0,0,0,0,0,0,0,0,0,0,0,0,0,0,0,0,0,0,0,0,0,0,0,0,0,0,0,0,0,0,0,0,0,0,0,0,0,0,0,0,0,0,0,0,15,15,0,0,4,2,0,638,317,273,26,0,275,72,18,6673,0,0,0,0,0,0,0,0
2012,85,2131,2038,39,0,187,187,54,22612,2131,2038,39,0,187,187,54,22612,1435,1400,4,0,15,15,31,15800,0,0,0,0,0,0,0,0,0,0,0,0,0,0,0,0,717,711,3,0,7,7,3,3489,0,0,0,0,0,0,0,0,0,0,0,0,0,0,0,0,0,0,0,0,0,0,0,0,0,0,0,0,0,0,0,0,0,0,0,0,0,0,0,0,0,0,0,0,0,0,0,0,0,0,0,0,0,0,0,0,718,689,1,0,8,8,28,12311,0,0,0,0,0,0,0,0,0,0,0,0,0,0,0,0,0,0,0,0,0,0,0,0,696,638,35,0,172,172,23,6812,0,0,0,0,0,0,0,0,0,0,0,0,0,0,0,0,0,0,0,0,0,0,0,0,0,0,0,0,0,0,0,0,0,0,0,0,0,0,0,0,0,0,0,0,0,0,0,0,0,0,0,0,0,0,0,0,0,0,0,0,0,0,0,0,386,333,31,0,9,9,22,6291,0,0,0,0,0,0,0,0
2012,168,99,99,0,0,99,99,0,99,99,99,0,0,99,99,0,99,99,99,0,0,99,99,0,99,0,0,0,0,0,0,0,0,0,0,0,0,0,0,0,0,0,0,0,0,0,0,0,0,0,0,0,0,0,0,0,0,0,0,0,0,0,0,0,0,0,0,0,0,0,0,0,0,0,0,0,0,0,0,0,0,0,0,0,0,0,0,0,0,0,0,0,0,0,0,0,0,0,0,0,0,0,0,0,0,99,99,0,0,99,99,0,99,0,0,0,0,0,0,0,0,0,0,0,0,0,0,0,0,0,0,0,0,0,0,0,0,0,0,0,0,0,0,0,0,0,0,0,0,0,0,0,0,0,0,0,0,0,0,0,0,0,0,0,0,0,0,0,0,0,0,0,0,0,0,0,0,0,0,0,0,0,0,0,0,0,0,0,0,0,0,0,0,0,0,0,0,0,0,0,0,0,0,0,0,0,0,0,0,0,0,0,0,0,0,0,0,0,0,0,0,0,0,0,0
